taxon,ACGU001B,ACGU002A,ACLE001B,ACLE002C,ACLE003A,ACLE007A,ACLE010A,ACLE011,ACLE012,ACLE013,ACLE014,ACLE015,ACLE016,ACLE017,ACLE018A,ACNF018C,ACNF023,ACNF024,ACNF025,ACNF026,ACNF027B,ACNF029A,ACNF032,ACNF033,ACNF034,ACNF035A,ACNF037,ACNF038B,ACNF040,ACNF041,ACNF042,ACNF043,ACNF044,ACNF045,ACNF046,ACNF048,ACNF050,ACNF051B,ACNF053,ACNF054,ACNF055,ACNF056,ACNF057,ACNF059,ACNF060,ACNF061,ACNF062,ACNF063,ACNF065,ACNF066,ACNF067,ACNF068,ACNF069,ACNF071,ACNF073,ACNF074,ACNF075,ACNF076,ACNF077,ACNF078,ACNF079,ACNF080,ACNF081,ACNF083,ACNF084,ACNF085,ACNF086,ACNF087,ACNF088,ACNF089,ACNF090,ACNF091,ACNF092,ACNF093,ACNF094,ACNF095,ACNF096,ACNF097,ACNF099,ACNF116,ACNF117,ACNF118,ACNF119,ACNF120,ACNF121,ACNF122,ACNF123,ACNF124,ACNI001,ACNI002,ACNI004,ACNI005B,ACNI006,ACOL001,ACTR010,ACTR011,ACTR014,ACTR015,ACTR025A,ACTR029B,ACTR032B,ACTR034A,ACTR037C,ACTR039C,ACTR040C,ACTR043B,ACTR045B,ACTR048A,ACTR050A,ACTR053B,ACTR056A,ACTR059A,ACTR062,ACTR063,ACTR064,ACTR065,ACTR066,ACTR067,ACTR068,ACTR069,ACTR070,ACTR071,ACTR072,ACTR073,ACTR074,ACTR076,ACTR077,ACTR078,ACTR079,ACTR080,ACTR081,ACTR082,ACTR083B,ACTR084,ACTR085,ACTR086,ACTR087B,ACTR091,ACTR092,ACTR094,ACTR095,ACTR096,ACTR097,ACTR098,ACTR099,ACTR101,ACTR102,ACTR105A,ACTR107,ACTR110,ACTR116,ACTR117,ACTR118,ACTR119,ACTR120,ACTR121,ACTR122,ACTR123,ACTR124,ACTR125,ACTR127,ACTR128,ACTR129,ACTR130,ACTR131,ACTR132,ACTR133A,ACTR135,ACTR136,ACTR137,ACTR138,ACTR139,ACTR140,ACTR141,ACTR142,ACTR143,ACTR144,ACTR145,ACTR146,ACTR595,ACTR606,ACTR610,ACTR611,ACTR612,CTST010,CTST012,CTST014,CTST016,NALI001B,NALI002B,NALI003B,NALI004C,NALI005B,NALI006C,NAUN001D,ZEFL003,ZEFL005,ZEFL006,ZEFL007,ZEFL008,ZEFL009,ZEFL010,ZEFL012,ZEFL013,ZEFL014,ZEFL016,ZEFL017,ZEFL019,ZEFL020,ZEFL021,ZEFL022B,ZEFL026,ZEFL027,ZEFL028A,ZEFL029B
Ceramium sp. ,0,54,65,0,121,0,0,0,40,0,0,404,173,8,0,114,0,57,0,0,0,123,0,4,313,280,226,328,247,0,0,362,98,216,64,0,4,69,336,0,0,0,0,166,327,0,431,238,23,66,0,0,23,435,48,57,0,0,0,0,0,1,0,415,0,18,336,0,0,0,0,0,0,0,3,0,0,0,124,0,0,2,0,5,59,11,16,30,11,0,0,0,0,0,65,58,14,127,239,244,423,154,55,197,66,108,298,288,248,523,225,287,84,66,162,16,51,0,27,0,0,3,54,0,0,6,0,0,126,4,103,33,77,236,151,29,6,33,105,82,37,24,0,4,611,40,81,921,0,49,8,65,35,106,863,24,146,75,287,147,57,321,194,192,106,80,431,66,16,9,698,8,0,222,0,71,148,80,83,0,0,281,5,116,0,7,249,0,94,0,0,68,0,0,159,377,67,0,191,89,580,0,635,0,97,19,11,16,61,80,2,54,196,34,0
Anotrichium sp.,0,0,0,0,0,0,0,0,0,0,0,0,0,0,0,0,0,0,0,0,0,0,0,0,0,0,0,0,0,0,0,0,0,0,0,0,0,0,0,0,0,0,0,0,0,0,0,0,0,0,0,0,0,0,0,0,0,0,0,0,0,0,0,0,0,0,0,0,0,0,0,0,0,0,0,0,0,0,0,0,0,0,0,0,0,0,0,0,0,0,0,0,0,0,0,0,0,0,0,0,0,0,0,0,0,0,0,0,0,0,0,0,0,0,0,0,0,0,0,0,0,0,0,0,0,0,0,0,0,0,0,0,0,0,0,0,0,0,0,0,0,0,0,0,0,0,0,0,0,0,0,0,0,0,0,0,0,18,0,0,0,0,0,0,0,0,0,0,0,0,0,0,0,0,0,0,0,0,0,0,0,0,0,0,0,0,0,0,0,0,0,0,0,0,0,0,0,0,0,0,0,0,0,0,0,0,0,0,0,0,0,0,0,0,0
Coelothrix irregularis,0,0,0,0,0,0,0,0,0,0,0,0,0,0,0,0,0,0,0,0,0,0,0,0,0,0,0,0,0,0,0,0,0,0,0,0,0,0,0,0,0,0,0,0,0,0,0,0,0,0,0,0,0,0,0,0,0,0,0,0,0,0,0,0,0,0,0,0,0,0,0,0,0,0,0,0,0,0,0,0,0,0,139,0,0,23,0,0,0,0,0,0,0,0,0,0,0,0,0,0,0,0,0,0,0,0,0,0,0,0,0,0,0,0,0,0,0,200,18,0,0,0,0,0,23,0,0,0,0,0,0,0,0,0,0,0,0,0,0,0,0,0,0,0,0,0,0,0,0,0,0,0,0,0,0,0,0,0,0,0,0,0,0,0,0,0,0,0,0,0,0,0,0,0,0,0,0,0,0,0,0,0,0,0,0,0,0,0,0,0,0,0,0,0,0,0,0,0,0,0,0,0,0,0,0,0,0,0,0,0,0,0,0,0,0
Titanophycus validus,0,0,0,0,0,0,0,0,0,0,0,0,0,0,0,0,0,0,0,0,0,0,0,0,0,0,0,0,0,0,0,0,0,0,0,0,3,1,0,0,0,0,0,0,0,0,0,0,0,0,0,0,0,0,0,0,0,0,0,0,0,0,0,0,0,4,0,0,0,0,0,0,0,0,0,0,0,0,0,0,0,0,0,0,0,0,0,0,0,0,0,0,0,0,0,0,0,0,0,0,0,0,0,0,0,0,0,0,0,0,0,0,0,0,0,0,0,0,0,0,0,0,0,0,0,0,0,0,0,0,0,0,0,0,0,0,0,0,0,0,0,0,0,0,0,0,0,0,0,0,0,0,0,0,0,0,0,0,0,0,0,0,0,0,0,0,0,0,0,0,0,0,0,0,0,0,0,0,0,9,0,0,0,0,0,0,0,0,0,0,0,0,0,0,0,0,0,0,0,0,0,0,0,0,0,0,0,0,0,0,0,0,0,0,0
Phaeophyceae,25,0,300,0,49,741,0,0,112,34,143,288,414,92,152,263,737,406,567,168,416,21,75,0,22,23,101,68,41,84,311,43,44,101,176,228,74,716,308,477,343,277,282,20,150,160,48,38,8,70,1878,989,923,23,383,6,302,287,987,299,329,240,167,68,156,178,57,431,304,387,713,124,909,1136,319,263,1086,140,429,1839,223,1013,1675,9,123,0,7,5,125,45,251,21,1013,37,10,76,8,4,57,106,45,200,6,178,40,132,54,3,31,31,103,67,66,0,19,1,349,0,13,136,53,468,106,66,22,293,471,0,28,468,44,3,136,1,4,0,244,60,3,0,0,10,2,1,0,1,6,0,0,0,25,0,169,70,4,87,0,10,34,20,24,41,19,130,12,116,7,144,49,54,5,34,20,114,10,1088,184,239,234,1033,37,0,164,36,364,2,355,82,86,30,0,50,239,66,0,3,0,0,24,17,25,122,6,0,50,72,0,13,17,0,7,0,0,18,30
Sphacelaria tribuloides,515,9,190,320,8,6938,123,86,1422,1075,1866,93,579,93,711,55,1152,440,1460,221,2006,21,69,89,425,194,172,108,253,259,489,235,35,215,244,399,139,1388,286,1002,1293,594,580,106,49,226,43,31,46,57,3934,2732,3580,14,1248,129,1649,435,662,58,210,102,54,122,271,69,19,984,141,1442,1260,236,385,5297,448,406,431,102,224,2856,547,789,2589,16,93,38,0,0,66,2427,1244,2998,816,2054,118,33,55,13,89,118,53,85,28,144,193,631,110,43,30,186,193,241,7,0,7,1,1458,8,55,766,208,1578,225,50,151,381,529,5310,115,535,11,0,149,2,0,3,275,4,0,0,0,0,0,0,4,1,0,0,0,6,45,7,327,34,1,78,5,14,58,63,47,127,46,222,46,262,0,72,59,29,12,13,21,40,4,827,48,163,121,2064,111,9,2544,569,647,168,403,283,56,391,181,0,2326,70,0,0,6,4,19,43,12,67,11,5,34,80,7,29,11,11,41,35,11,37,20
Chondracanthus acicularis,0,0,0,0,0,0,0,0,0,0,0,0,0,0,0,0,0,0,0,0,0,0,0,0,0,0,0,0,0,0,0,0,0,0,0,0,0,0,0,0,0,0,0,0,124,0,0,216,184,0,0,0,0,0,0,0,0,0,0,0,0,0,0,0,0,0,0,0,0,0,0,0,0,0,0,0,0,0,0,0,0,0,0,318,0,0,307,0,0,0,0,0,0,0,0,0,0,0,0,0,0,0,0,0,0,0,0,0,0,0,0,0,0,0,0,0,0,0,0,0,0,0,0,0,0,0,0,0,0,0,1,0,0,10,0,2,0,0,0,0,0,0,0,0,0,0,0,0,0,0,0,0,0,0,0,0,0,0,0,0,0,0,0,0,0,0,0,0,0,15,0,0,5,0,41,0,0,0,0,0,0,0,0,0,0,0,0,0,0,0,0,0,0,0,0,0,0,0,0,0,0,0,0,0,0,0,0,0,0,9,0,0,0,0,0
Amphiroa foliacea,0,0,0,0,57,0,0,0,0,0,0,0,0,0,18,0,0,0,0,0,0,2,0,0,0,0,0,0,0,0,0,0,0,0,0,0,0,0,0,0,0,0,0,0,6,0,0,0,0,0,0,0,0,10,0,0,0,0,0,0,0,0,0,0,0,0,0,0,0,0,0,0,0,0,0,0,0,0,0,0,0,0,0,0,0,0,0,0,0,0,0,0,0,0,0,0,0,0,0,0,0,0,0,0,0,0,0,0,0,0,0,0,0,0,0,0,0,0,0,0,0,0,0,0,0,0,0,0,0,0,0,0,0,2,0,0,0,0,0,0,0,0,0,0,0,0,0,0,0,0,0,0,0,0,0,0,0,0,0,0,0,0,0,0,0,0,0,0,0,0,0,0,0,0,0,0,0,0,0,0,0,0,0,0,0,0,0,0,0,0,0,0,0,0,0,0,0,0,0,0,0,0,0,0,0,0,0,0,0,0,0,0,0,0,0
Nostocales,8,3,0,0,0,0,0,0,0,0,0,0,0,0,85,0,0,0,0,0,0,16,0,40,99,0,12,7,0,0,0,0,0,0,0,4,0,0,0,0,0,0,0,0,0,0,0,0,0,0,0,0,0,0,0,1,0,0,0,0,0,0,0,4,0,0,0,0,0,0,0,0,0,0,56,0,0,0,0,0,0,0,0,0,0,0,0,0,0,0,0,0,0,0,0,0,5,0,0,0,0,0,0,0,0,0,0,0,0,0,0,0,0,0,0,0,5,0,0,0,0,0,0,0,0,0,0,0,0,0,0,0,0,0,0,0,0,0,0,0,0,0,0,0,0,0,0,0,0,0,5,0,18,3,0,3,1,0,12,0,0,6,6,15,0,12,0,0,3,0,6,2,1,11,0,47,0,6,10,0,30,0,0,1,0,0,0,0,0,0,0,0,0,0,0,0,7,136,3,0,0,0,48,23,4,26,23,50,0,0,3,0,0,0,0
Gigartinales,0,101,26,0,17,4,0,34,77,0,0,12,1,67,0,33,52,19,72,62,21,0,0,0,0,10,7,22,0,6,0,0,34,0,11,28,5,12,6,35,48,5,0,23,15,21,1,2,1,31,0,9,0,0,10,11,66,18,60,24,55,54,17,5,7,30,12,15,5,0,82,32,84,0,28,142,144,61,12,16,25,47,224,33,0,94,3,8,3,0,0,0,0,0,0,4,0,0,5,20,15,9,0,26,1,8,5,4,16,0,39,0,0,0,40,4,2,4,0,20,2,15,6,0,0,6,45,0,0,23,7,0,0,4,4,4,30,0,0,0,0,4,0,0,2,0,5,0,0,0,4,0,3,2,0,3,0,0,19,14,10,1,3,9,0,0,0,0,3,5,0,1,5,0,0,21,27,2,5,3,0,12,0,0,0,23,12,546,0,251,0,20,56,0,0,11,14,28,24,0,9,4,17,5,100,30,14,12,33,103,55,25,2,78,22
Cylindrotheca closterium,6,0,0,0,0,0,20,0,0,0,0,0,0,0,28,7,0,0,0,0,0,10,0,0,2,0,0,1,0,1,2,0,0,6,0,0,8,3,0,0,0,2,0,0,3,0,0,0,0,0,0,0,0,0,1,0,0,4,0,0,3,0,0,0,0,0,0,0,0,0,0,0,0,0,0,0,0,0,0,0,0,0,0,0,0,0,0,0,0,0,0,3,2,0,0,0,0,0,0,0,0,0,0,0,0,0,0,0,0,0,0,0,0,0,0,0,0,0,0,0,0,0,0,0,0,0,0,0,0,0,0,0,1,0,0,0,0,0,0,0,0,0,0,0,0,0,0,0,0,0,4,0,0,1,0,0,0,0,0,0,0,0,0,0,0,0,0,0,0,0,0,0,0,0,0,0,0,0,0,0,0,0,0,0,0,0,0,0,0,0,0,0,0,0,0,0,0,0,0,0,0,0,0,0,0,0,0,0,0,0,0,0,0,0,0
Amansia glomerata,26,6,0,0,0,0,0,2,6,7,34,0,0,20,0,17,0,0,0,0,0,5,30,0,0,0,0,31,0,0,0,0,3,0,0,0,0,0,0,0,0,0,0,0,2,0,17,0,0,74,0,0,0,0,0,14,0,0,0,0,0,8,4,0,9,24,0,0,4,0,0,0,6,0,0,0,0,1,0,0,0,0,0,0,0,48,261,168,0,0,2,19,0,0,0,0,0,0,0,0,0,21,24,9,0,0,0,7,24,1,27,0,0,0,0,0,0,0,0,0,1,0,0,0,0,0,0,0,0,0,0,0,0,0,2,0,3,9,0,12,0,13,0,0,1,7,1,0,0,0,0,0,0,0,0,0,0,0,0,0,0,0,0,0,0,0,1,0,33,0,0,3,20,0,0,0,5,0,0,0,0,0,0,0,0,0,0,0,0,0,0,0,14,0,0,0,0,3,0,0,0,0,53,0,0,0,10,0,0,0,0,38,20,12,0
Gibsmithia hawaiiensis,0,0,0,0,0,0,0,0,0,0,0,0,0,0,0,0,0,0,0,0,0,0,0,0,0,0,0,0,0,0,0,0,0,0,0,0,0,0,0,0,0,0,0,0,0,0,0,0,0,0,0,0,0,0,0,0,0,0,0,0,0,0,0,0,0,0,0,0,0,0,0,0,0,0,0,0,0,0,0,0,0,0,0,0,0,0,0,0,0,0,0,0,0,0,0,0,0,0,0,0,0,0,0,0,0,0,0,0,0,0,0,0,0,0,0,0,0,0,0,0,0,0,0,0,0,0,0,0,0,0,0,0,0,0,0,0,0,0,0,0,0,0,0,0,0,0,0,0,0,0,0,0,0,0,0,0,0,0,0,0,0,0,0,0,0,0,0,0,0,0,0,0,0,0,0,0,0,0,0,0,0,0,0,0,0,0,0,0,0,0,0,0,0,0,0,0,0,0,0,0,0,0,0,0,0,0,0,0,0,0,0,42,0,0,0
Antithamnion antillanum,0,0,0,0,0,0,0,0,0,0,0,0,0,0,0,0,0,0,0,0,0,0,0,0,0,0,0,0,0,3,0,0,0,0,0,0,0,0,0,0,0,0,0,0,0,0,5,0,0,0,0,0,0,0,0,0,0,0,0,0,0,0,0,0,0,0,0,0,0,0,0,0,0,0,0,0,0,0,0,0,0,21,0,0,0,0,0,26,0,0,0,0,0,0,0,0,0,0,0,0,0,0,0,0,0,0,0,0,0,0,0,0,0,0,0,0,0,0,0,0,0,0,0,0,0,0,0,0,0,0,0,0,0,0,0,0,0,0,0,0,0,0,0,0,0,0,0,0,211,0,0,0,0,0,0,0,0,0,0,0,0,0,0,0,0,0,0,0,0,0,0,0,0,0,0,0,0,0,0,0,0,0,0,0,0,0,0,0,0,0,0,0,0,0,0,0,0,0,0,0,0,0,0,0,0,0,0,0,0,0,0,0,0,9,4
Acanthophora spicifera,0,0,0,0,0,0,0,0,0,0,0,0,0,0,0,0,0,0,0,0,0,0,0,0,0,0,0,0,0,0,0,0,0,0,0,0,0,0,0,0,0,0,0,0,0,0,0,0,0,0,0,0,0,204,0,0,0,0,0,0,0,0,0,0,0,0,0,0,0,0,0,0,0,0,0,0,0,0,0,0,0,0,0,0,0,0,0,0,0,0,0,0,0,0,0,0,0,0,0,0,0,0,26,0,0,0,0,0,0,0,0,0,0,0,0,4,0,939,6,0,0,23,0,0,8,0,79,0,0,0,0,0,13,1,0,0,0,0,0,0,0,0,0,0,0,0,0,0,0,0,0,0,0,0,0,0,0,0,0,0,0,0,0,0,0,0,0,0,0,0,0,0,0,0,0,0,0,0,0,0,0,0,0,0,14,0,0,0,0,0,0,0,0,0,84,0,0,0,0,0,0,0,0,0,0,0,0,0,0,0,0,0,0,0,0
Trichodesmium erythraeum,0,0,0,0,0,0,0,0,0,0,0,0,0,0,0,0,0,0,0,0,0,0,0,0,0,0,0,0,0,0,0,0,0,0,0,0,0,0,0,0,0,0,0,0,0,0,0,0,0,0,0,0,0,0,0,0,0,0,0,0,0,0,0,0,0,0,0,0,0,0,0,0,0,0,0,0,0,0,0,0,0,0,0,0,0,0,0,0,0,0,0,0,0,0,0,0,0,0,0,0,0,0,0,0,0,0,0,0,0,0,0,0,0,0,0,0,0,0,0,0,0,0,0,0,0,0,0,0,0,0,0,0,0,0,0,0,0,0,0,0,0,0,0,0,0,0,0,0,0,0,0,0,0,0,0,0,0,0,0,0,0,0,0,0,0,0,0,0,0,0,0,0,0,0,0,6,0,3,0,0,0,0,0,0,0,0,0,0,0,0,0,0,0,0,0,0,0,0,0,0,0,0,0,0,0,0,0,0,0,0,0,0,0,0,0
Ceramium sp.,103,202,1339,0,1372,0,125,178,121,32,59,774,223,121,356,2761,475,103,156,31,44,365,964,556,327,203,260,332,314,302,423,16,205,293,280,278,705,165,92,91,71,185,88,950,515,160,467,110,137,2459,120,16,191,353,806,184,127,45,102,182,177,109,223,31,91,135,38,100,67,47,163,47,26,2,6,158,91,217,113,551,588,402,480,135,207,220,148,62,219,225,117,89,36,230,7,373,21,82,53,76,109,117,115,162,104,103,66,84,138,126,249,179,1287,153,1603,84,250,213,92,178,434,238,829,376,468,554,299,0,124,288,799,233,131,307,737,803,188,95,24,28,21,80,40,23,58,60,19,908,167,48,632,312,447,306,1150,719,968,625,783,435,809,632,671,678,622,532,83,280,332,88,6,408,208,123,0,973,650,176,184,80,1427,92,135,586,281,148,277,696,12,891,111,127,115,34,0,239,1623,61,264,382,406,203,356,44,467,412,83,163,378,272,237,205,146,880,913
Sargassum sp.,0,0,0,0,0,0,0,0,0,0,0,0,0,0,0,0,0,0,0,0,0,0,0,0,0,0,0,0,0,0,0,0,0,0,0,0,0,0,0,0,0,0,0,0,0,0,0,0,0,0,0,0,0,0,0,0,0,0,0,0,0,0,0,0,0,0,0,0,0,0,0,0,0,0,0,0,0,0,0,0,0,0,0,0,0,0,0,0,0,0,0,0,0,0,0,0,0,0,4,0,0,0,7,0,0,0,0,1,11,1,0,0,0,0,0,0,0,0,0,0,0,0,0,0,0,0,0,0,0,0,0,0,0,0,0,0,0,0,0,0,0,0,0,0,0,0,0,0,0,0,0,0,0,0,0,0,0,0,0,0,0,0,0,0,0,0,0,0,0,0,0,0,0,0,0,0,0,0,0,0,0,0,0,3,0,0,0,0,0,0,0,0,0,0,0,0,0,0,0,6,0,0,0,0,0,0,0,0,0,0,0,0,0,0,0
Dasya sp.,1376,31,0,0,1205,0,0,0,0,0,0,0,0,1493,1560,0,0,135,790,274,98,1281,17,72,609,1,12,47,0,277,6,0,0,0,0,138,2,0,0,0,0,3,8,50,0,18,0,3,375,0,5,0,0,0,1,21,143,39,0,0,54,7,177,284,81,34,0,0,0,0,0,0,0,0,70,0,18,0,0,0,0,0,0,521,325,0,69,20,0,0,0,0,0,0,0,92,108,382,2,26,9,11,32,33,0,29,0,0,0,0,86,0,14,2,0,3,87,13,65,918,0,91,318,10,0,25,2,0,35,73,0,13,26,14,1,0,100,0,0,0,0,0,0,0,0,4,0,44,178,96,0,0,62,115,17,28,3,0,10,32,0,2166,1,266,0,19,0,11,53,0,0,61,0,0,0,0,0,0,0,0,22,0,11,8,0,0,0,0,0,0,0,0,0,0,0,0,109,62,0,237,0,0,0,65,42,2,53,0,0,0,4,17,0,94,0
Stenopeltis gracilis,0,0,11,0,4,0,1,6,15,16,14,14,0,0,14,0,0,0,0,0,0,0,0,0,0,0,0,0,5,2,0,4,0,11,0,1,0,0,2,0,0,5,0,7,6,0,0,0,0,0,0,0,0,0,0,4,0,0,0,0,0,0,2,9,0,0,0,1,0,0,0,1,0,0,0,1,1,0,0,0,49,10,11,2,0,5,3,0,0,9,35,25,11,0,0,0,4,0,0,0,0,0,0,0,0,0,0,0,0,0,0,0,0,37,5,0,2,0,5,0,0,2,2,0,0,0,0,0,2,0,0,0,0,6,1,8,0,2,0,3,0,0,8,0,0,0,0,0,0,0,0,0,0,0,0,0,0,0,0,0,0,0,0,0,2,0,0,1,0,3,0,0,1,0,1,0,0,0,0,0,0,0,0,0,0,0,0,0,0,29,0,0,0,0,0,0,0,0,0,0,0,0,2,0,0,1,0,0,0,8,2,0,0,11,0
Bigelowiella natans,0,0,0,0,0,0,0,0,0,0,0,0,0,0,0,0,0,0,0,0,0,0,0,4,2,0,0,7,0,0,0,0,0,0,0,0,0,0,0,0,0,0,0,0,0,0,0,0,0,0,0,0,0,0,0,0,0,0,0,0,0,0,0,0,0,0,0,0,0,0,0,0,0,0,0,0,0,0,0,0,0,0,0,0,0,0,0,0,0,0,0,0,0,0,0,0,0,0,0,1,0,0,1,1,0,2,1,3,0,0,0,1,0,0,0,0,0,0,0,0,0,0,0,0,0,0,0,0,0,0,0,0,0,1,0,0,0,1,0,0,3,1,0,0,0,0,0,0,0,0,0,0,0,0,0,0,0,0,0,0,0,0,0,0,0,0,0,0,0,0,0,0,2,1,0,0,0,0,0,0,0,0,0,0,0,0,0,0,0,21,0,0,0,0,0,0,0,0,0,8,0,0,0,0,0,0,0,0,0,0,0,0,0,0,0
Herposiphonia sp.,3037,247,50,0,2,0,4,12,1,0,16,0,0,0,629,101,15,46,0,3,54,9,20,1243,163,20,38,122,130,127,550,64,98,74,383,172,382,191,411,263,306,334,398,271,183,382,38,73,0,0,0,23,4,69,59,25,120,19,0,142,127,645,0,937,29,44,246,61,77,129,6,30,128,0,33,308,0,0,7,16,3,0,0,0,0,0,0,0,19,0,1415,43,520,71,755,103,360,290,43,164,314,28,55,106,182,322,194,221,43,197,129,188,218,3,133,8,338,38,815,90,724,134,212,5,154,118,93,0,560,236,50,19,22,81,119,58,57,68,0,0,12,59,51,78,3,74,123,29,406,190,104,26,218,74,14,246,15,0,90,121,156,25,51,68,4,141,43,92,199,109,131,194,42,144,26,68,178,1,239,486,731,44,1156,1175,193,0,39,239,0,29,0,0,0,0,0,39,263,808,263,67,138,323,146,647,28,90,1765,1103,2,303,93,25,9,0,60
Turbinaria ornata,0,0,0,0,0,0,0,0,0,0,0,0,0,136,12,0,0,0,0,0,0,0,0,0,0,0,0,0,0,0,0,0,0,0,0,0,0,0,0,0,0,0,0,0,0,0,0,0,0,0,0,0,0,0,0,0,0,0,0,0,5,0,0,0,0,0,0,0,0,0,0,0,0,0,0,0,0,0,0,0,0,0,0,0,0,0,0,0,0,0,0,0,0,0,0,0,0,0,0,0,0,0,0,0,0,0,1,0,0,0,0,0,0,0,0,0,0,0,0,0,0,0,0,0,0,0,0,0,0,0,0,0,0,0,0,0,0,0,0,0,0,0,0,0,0,0,0,0,0,0,5,0,0,0,0,0,0,0,0,14,0,0,4,0,0,0,0,0,0,0,0,0,0,0,0,0,0,0,0,0,0,0,3,0,0,0,0,0,0,0,0,0,0,0,85,0,0,0,11,0,0,0,0,0,0,0,0,0,0,0,0,0,0,0,0
Cyanothece sp.,0,0,0,0,0,0,0,0,0,0,0,0,0,0,0,0,0,0,0,0,0,0,0,0,0,0,0,0,0,0,0,0,0,0,0,0,0,0,0,0,0,0,0,0,0,0,0,0,0,0,0,0,0,0,0,0,0,0,0,0,0,0,0,0,0,2,0,0,0,0,0,0,0,13,0,0,0,0,0,0,0,0,0,0,0,0,0,0,0,0,0,0,0,21,0,0,0,0,0,0,0,0,0,0,0,0,1,0,0,0,0,0,0,0,0,0,0,0,0,0,0,0,0,0,0,0,0,0,4,0,0,0,0,0,0,0,0,0,0,0,0,0,0,0,0,0,0,0,0,0,0,0,0,0,0,0,0,0,0,0,0,0,0,0,0,0,0,0,0,0,0,0,0,0,0,0,0,0,0,0,0,0,0,0,0,0,0,0,0,0,0,0,0,0,0,0,0,0,0,0,0,0,0,0,0,0,0,0,0,0,0,0,0,0,0
Oscillatoriales,362,2899,62,5370,11,479,53,15,16,7,7,85,78,79,133,44,30,54,103,29,318,699,79,37,21,1,5,24,121,129,223,170,136,95,83,371,242,105,436,978,1332,97,85,19,55,42,6,86,13,13,219,863,286,3,46,7,10,266,540,67,69,61,73,72,9,68,10,76,66,217,749,16,154,212,138,43,308,83,37,118,177,163,460,3,84,35,51,35,2,8,0,22,13,0,8,17,0,3,159,251,96,137,94,381,992,98,186,44,113,90,216,936,0,0,0,1,399,37,77,1010,94,294,252,364,70,66,58,3645,420,82,1,28,0,72,22,9,78,123,20,76,3,33,27,117,35,121,62,0,208,33,89,10,189,160,62,91,23,20,111,36,27,44,76,75,14,54,4,63,74,14,6,6,4,20,0,101,50,79,86,60,37,251,510,941,0,0,3,11,46,0,0,0,0,143,45,76,1111,547,1614,355,83,122,263,299,398,572,2080,1421,394,730,1448,215,312,31,27
Gelidium sp.,0,0,0,0,0,0,0,0,0,0,0,0,0,0,0,0,0,0,0,0,0,0,0,0,0,0,0,0,0,0,0,0,0,0,0,0,0,0,0,0,0,0,0,0,0,0,0,0,0,0,0,0,0,0,90,0,0,0,0,0,0,0,0,0,0,0,0,0,0,0,0,0,0,0,0,6,0,0,0,0,0,0,0,0,0,0,0,0,0,0,0,0,0,0,0,0,0,0,0,0,0,0,0,0,0,0,0,0,0,0,0,0,0,0,0,0,0,0,0,0,0,0,0,0,0,0,0,0,0,0,0,0,0,0,0,0,0,0,0,0,0,0,0,0,0,0,0,0,0,0,0,0,0,0,0,0,0,0,0,0,0,0,0,0,0,0,0,0,0,0,0,0,0,0,0,0,0,0,0,0,0,0,0,0,0,0,0,0,0,0,0,0,0,0,0,0,0,0,0,0,0,0,0,0,0,0,0,0,0,33,0,0,0,0,0
Herposiphonia sp. ,0,0,8,0,146,0,0,212,8,0,0,21,7,50,4,0,9,0,0,0,7,198,133,29,101,198,509,1171,0,5,139,0,48,0,12,60,17,56,27,0,0,231,175,478,76,1,37,4,12,25,0,0,0,360,41,122,0,0,0,18,6,0,0,0,0,0,0,1,0,0,0,0,0,0,0,94,0,0,10,0,30,9,20,9,26,0,1,33,37,0,0,0,0,0,0,411,9,5,7,1,145,13,3,5,12,69,45,91,8,8,1,109,0,43,35,222,22,857,22,6,42,32,6,0,6,0,3,0,8,0,160,7,89,135,147,38,0,10,28,71,194,149,448,32,80,158,38,21,0,0,940,168,279,667,143,229,256,221,727,280,0,324,70,239,85,66,28,8,3,0,5,1,37,0,1,0,0,0,0,0,47,0,58,63,0,0,0,0,0,0,0,1,0,0,0,0,0,21,0,7,0,0,1,3,4,0,8,26,13,0,0,120,1,88,0
Diplothamnion jolyi,0,0,0,0,0,4,0,0,0,0,0,0,0,0,0,0,0,0,0,0,0,0,0,0,0,0,0,0,0,0,0,0,0,0,0,0,0,0,0,0,0,0,0,0,0,0,0,0,0,0,0,0,0,0,0,0,0,0,0,0,0,0,0,0,0,0,0,0,0,0,0,0,0,0,0,0,0,0,0,0,11,0,0,0,0,0,0,0,0,0,0,0,0,10,0,0,0,0,2,0,0,0,0,0,0,0,0,0,5,0,0,0,0,0,0,0,0,0,0,0,0,0,8,0,0,0,9,0,0,0,0,0,0,0,0,0,0,0,0,0,0,0,0,0,0,0,0,0,0,0,0,0,0,0,0,0,0,0,0,0,0,0,0,0,0,0,149,0,0,0,0,0,0,0,0,0,0,0,0,0,0,0,0,0,0,9,4,0,0,0,0,0,0,0,0,7,1,0,0,0,0,0,0,0,0,7,0,0,0,0,0,6,103,0,0
Colaconema sp. ,0,0,0,0,0,0,0,0,0,0,0,0,0,0,0,0,0,0,0,0,0,0,0,0,0,0,0,0,0,0,0,0,0,0,0,0,0,0,0,0,0,0,0,0,0,0,0,0,0,0,0,0,0,0,0,0,0,0,0,0,0,0,0,0,0,0,0,0,0,0,0,0,0,0,0,0,0,0,0,0,0,0,0,0,0,0,0,0,0,0,0,0,0,0,0,0,0,0,0,0,0,0,0,0,0,0,0,0,0,0,21,0,0,0,0,0,0,0,0,0,0,0,0,0,0,0,0,0,0,0,0,0,0,0,0,0,0,0,0,0,0,0,0,0,0,0,0,0,0,0,0,0,0,0,0,0,0,0,0,0,0,0,0,0,0,0,0,0,0,0,0,0,0,0,0,0,0,0,0,0,0,0,0,0,0,0,0,0,0,0,0,0,0,0,0,0,0,0,0,0,0,0,0,0,0,0,0,0,0,0,0,0,0,0,0
Gelidiella sp. ,0,0,0,0,0,0,0,0,0,0,0,0,0,0,0,0,0,0,0,0,0,0,0,0,56,0,0,3,0,0,0,0,0,0,0,0,0,0,0,0,0,0,0,0,0,0,0,0,0,0,0,0,0,0,0,0,0,0,0,0,0,0,0,0,0,0,0,0,0,0,0,0,0,0,0,0,0,0,0,0,0,0,0,7,0,0,0,0,0,0,0,0,0,0,0,0,0,0,0,0,0,0,0,0,0,0,0,0,0,0,0,0,0,0,0,0,0,0,32,0,0,0,0,0,0,0,0,9,0,0,0,0,0,0,0,0,0,0,0,0,0,0,0,0,0,0,0,0,0,0,0,2,0,0,1,0,0,0,0,0,0,0,0,0,133,0,0,0,0,0,0,0,0,0,0,0,0,0,0,0,0,0,0,0,0,0,0,0,0,0,0,0,0,0,0,0,0,0,0,0,0,0,0,0,0,0,0,0,0,0,0,0,0,0,0
Ulva sp.,0,0,5,0,0,0,0,8,0,0,2,0,0,0,0,10,0,12,6,5,11,0,15,8,4,77,21,17,46,20,5,11,15,1,6,0,38,6,44,3,0,8,0,0,22,30,36,0,0,20,0,0,0,565,114,148,4,5,0,21,15,27,9,22,9,67,2,4,35,18,5,10,131,0,13,3,19,22,0,4,3,12,0,0,0,0,0,4,4,0,0,0,0,0,6,3,3,77,10,11,6,1,8,28,9,0,16,16,3,0,0,0,54,5,16,17,18,4,0,10,2,1,0,0,32,10,0,0,3,0,13,7,47,3,0,1,20,51,24,11,13,44,7,0,11,5,0,48,0,0,52,65,19,13,27,32,1,2,3,22,74,10,16,14,21,13,19,114,43,86,31,62,256,17,240,36,23,18,93,0,0,0,0,0,0,48,0,0,0,0,0,0,0,0,0,86,70,0,33,338,97,36,90,1,37,34,3,0,17,55,0,24,17,0,26
Rhodomelaceae,0,0,0,0,0,0,0,0,0,0,0,0,6,0,0,0,0,0,0,0,0,0,0,0,230,0,0,0,0,0,36,0,0,0,0,0,0,0,0,0,0,0,0,0,0,0,0,0,0,0,0,0,0,0,0,0,0,0,0,0,0,0,26,0,0,0,0,0,0,0,0,0,0,0,0,0,0,0,0,0,0,0,0,2,0,0,0,0,0,0,0,0,0,0,0,0,2,6,0,0,0,0,0,0,0,0,0,0,0,0,0,0,0,0,0,0,6,0,0,0,0,11,0,1,0,0,0,0,1,0,0,0,0,0,0,0,8,11,0,0,0,0,0,0,0,0,0,0,0,0,0,0,0,0,0,0,0,0,0,0,0,0,0,0,0,0,0,0,0,0,0,0,0,0,0,0,0,0,0,0,0,0,0,0,0,0,0,0,0,0,0,0,0,0,0,0,0,0,3,0,0,0,0,0,0,0,0,0,0,0,0,0,0,0,0
Ulva sp. ,0,0,0,0,0,0,0,0,0,0,0,0,0,0,0,0,0,0,0,0,0,0,0,0,0,0,0,0,0,0,0,0,0,0,0,0,0,0,0,0,0,0,0,0,0,0,0,0,0,0,0,0,0,0,253,380,0,0,0,0,0,0,0,0,0,0,0,0,0,0,0,0,0,0,0,0,0,0,0,0,0,0,0,0,0,0,0,0,0,0,0,0,0,0,0,0,0,0,0,0,0,0,0,0,0,0,0,0,0,0,0,0,0,0,0,0,0,0,0,0,0,0,0,0,0,0,0,0,0,0,0,0,0,0,0,0,0,0,0,0,0,0,0,0,0,0,0,0,0,0,0,0,0,0,0,0,0,0,0,0,0,0,0,0,0,0,0,0,0,0,0,0,0,0,0,0,0,0,0,0,0,0,0,0,0,0,0,0,0,0,0,0,0,0,0,0,0,0,0,0,0,0,0,0,0,0,0,0,0,0,0,0,0,0,0
Grateloupia filicina,16,12,12,0,18,0,86,38,17,55,21,7,10,38,0,3,5,9,6,9,4,4,6,7,8,5,2,11,9,6,22,58,9,15,11,20,27,16,15,17,10,21,15,9,5,3,0,5,18,0,0,0,1,12,32,0,11,11,38,1,1,11,13,35,6,1,0,5,8,0,13,3,4,0,6,6,4,4,4,3,9,50,0,13,18,0,36,6,0,29,80,93,34,4,3,14,0,2,31,10,11,6,2,10,11,22,18,31,19,16,11,22,0,0,12,6,8,0,0,0,11,3,0,28,5,3,0,0,0,0,12,2,0,10,3,8,4,5,0,9,8,9,3,1,3,2,5,3,9,10,2,0,5,9,2,8,0,0,1,20,8,5,9,0,7,0,14,4,4,1,0,7,1,6,2,1,8,7,5,0,0,0,0,0,0,19,16,25,18,112,0,6,39,75,0,6,2,4,13,0,3,4,17,6,13,25,4,4,13,9,13,11,11,34,6
Corallinophycidae,14,0,1,0,0,0,19,117,0,0,7,0,0,180,2,0,0,0,0,6,0,2,1,3,0,0,2,4,5,3,0,0,0,7,2,8,0,5,15,9,8,0,0,0,6,2,17,12,3,2,6,0,166,1,0,3,4,10,10,25,20,3,1,12,1,27,0,0,0,1,0,2,0,0,3,9,5,21,6,0,43,21,258,0,0,0,22,27,0,4,644,15,3,0,9,16,0,0,11,7,8,47,17,5,11,0,11,18,22,12,3,1,28,7,10,0,11,0,0,4,0,0,4,8,0,4,14,0,4,8,3,0,0,7,1,6,14,10,6,0,4,0,0,0,0,2,0,0,0,0,0,0,0,0,0,7,0,0,2,2,9,27,6,7,0,0,8,9,1,2,0,5,3,0,0,8,14,4,0,0,0,7,0,0,0,0,0,6,0,31,13,193,2,26,0,2,0,0,0,0,14,9,93,4,0,13,118,1,0,2,0,54,43,42,16
Erythrocolon podagricum,57,353,70,0,79,0,608,152,7,79,85,11,12,0,35,65,64,144,0,301,21,37,397,0,52,265,41,131,111,343,70,56,1299,41,139,19,386,49,218,34,31,56,27,0,11,38,69,144,45,438,0,27,0,20,0,4,108,28,0,25,24,227,3,84,96,169,239,54,108,0,44,126,38,0,13,51,0,20,0,0,179,132,41,206,0,0,80,6,10,22,9,0,54,21,92,297,319,303,227,160,48,342,84,227,178,213,127,148,138,128,232,113,17,0,38,1,44,0,21,18,398,55,30,0,34,547,181,0,114,313,46,0,24,57,83,31,53,57,30,412,70,185,106,80,208,129,250,107,118,126,249,0,89,127,98,90,6,0,139,221,84,94,161,134,11,25,58,149,56,14,8,42,64,36,36,14,158,52,20,7,174,106,16,0,0,0,0,0,0,0,0,38,170,92,0,577,101,454,216,430,134,229,115,634,303,117,152,229,202,608,185,443,294,11,0
Ceramiales,1996,2010,537,6,1673,189,4521,2170,3363,2897,3880,874,1002,1285,1033,1629,2496,2197,897,2797,949,385,2784,3678,2622,1487,1850,2508,4178,3605,2499,976,2608,4164,4092,2644,3272,3503,3564,2173,2301,3010,3461,2396,2426,1368,1968,1241,4505,1554,893,627,844,1186,2496,2684,606,1123,2034,2090,2856,1106,2228,2324,3743,3689,5378,1539,5040,1209,1072,2740,2717,537,1152,997,3769,2071,1272,1054,3244,1245,559,1556,1089,303,1865,1500,1025,119,939,198,1189,2272,3702,4056,4582,3545,4153,4109,5206,3480,3749,3769,3536,3172,4479,4504,4107,4580,2986,3387,3342,2485,2566,4056,2535,1645,4319,3277,2747,1546,2377,2776,3490,2294,2088,9,2182,1362,1856,2967,2406,3179,3997,3052,2476,5480,3426,3528,3155,2504,2368,4010,3869,4271,3653,2852,6161,6517,1824,2227,2327,2170,632,2029,735,2547,1453,1348,2536,1681,2047,2615,2334,2322,3889,4720,4805,2346,3318,4310,1724,3426,1433,2271,4295,4697,3539,1800,1685,1022,218,1142,2645,681,1034,921,492,756,1240,2218,465,2163,1489,3370,3544,2771,2038,2644,2748,2850,1686,4282,2121,2716,2075,2737,3197,1978,1643,3794,5050,895,1661
Nemaliophycidae,0,125,203,0,199,0,33,292,184,43,56,59,91,8,19,58,82,38,44,35,68,33,69,21,29,120,29,25,94,127,41,125,49,82,54,151,18,168,76,33,47,67,81,65,120,47,18,60,54,31,195,84,125,30,258,34,75,78,76,31,27,40,26,102,12,26,28,120,31,50,56,25,76,59,77,98,90,38,96,270,77,112,73,8,18,8,8,12,63,39,139,181,83,134,29,31,9,7,74,86,61,101,147,48,119,102,97,104,162,103,499,100,24,27,106,19,54,2,97,42,173,128,77,28,49,296,180,0,62,178,140,10,47,44,17,21,61,13,9,29,12,14,10,7,19,18,21,22,16,2,13,6,23,12,33,19,5,6,14,14,23,21,6,8,37,10,26,43,27,12,9,21,24,26,3,79,34,35,43,56,14,23,4,0,92,106,65,163,19,289,97,83,117,27,0,16,0,0,55,82,21,10,15,0,82,78,6,53,38,81,120,19,10,350,117
Laurencia sp.,744,367,36,0,21,0,335,9,150,30,82,14,31,166,641,154,147,767,1334,1237,1100,48,1,100,177,131,150,152,117,357,453,0,98,128,295,519,396,227,66,1229,1627,520,387,64,24,73,52,348,355,687,64,109,130,31,40,13,13,78,412,152,129,229,567,17,144,1,37,66,454,56,9,256,15,0,265,0,34,54,25,129,47,333,624,26,138,113,200,41,0,3,8,6,27,7,48,90,363,136,182,234,100,275,72,286,249,152,203,223,184,207,313,225,0,0,34,2,684,1,197,521,105,2119,491,161,164,85,693,0,655,663,6,0,38,7,103,72,348,137,0,184,19,41,41,60,111,64,239,0,5,0,379,399,408,306,2813,377,354,623,501,499,505,219,651,491,5,639,492,85,101,64,0,67,66,51,55,5,116,28,105,83,141,204,3441,3647,0,1,10,0,0,0,0,0,0,110,1,204,97,468,50,130,69,198,132,279,117,110,710,138,74,298,175,849,160,283,5
Euptilocladia magruderi,0,0,0,0,0,0,0,0,0,0,0,0,0,0,0,0,0,0,0,0,0,23,218,239,17,255,0,4,0,1,0,0,0,0,54,0,0,0,0,0,0,0,0,0,0,0,0,0,0,0,0,0,0,0,0,0,0,0,0,0,0,0,0,0,0,0,0,0,0,0,0,0,0,0,0,0,0,0,0,0,0,0,0,0,0,0,0,0,0,0,0,0,0,0,0,0,0,0,0,0,0,0,1,0,0,0,0,0,0,0,0,0,0,0,0,0,0,0,0,0,5,0,0,0,0,0,0,0,0,0,0,0,0,0,0,0,0,0,0,0,0,0,0,0,0,0,0,0,0,0,0,55,0,0,201,0,652,165,0,0,0,0,0,0,0,0,0,0,0,0,0,0,0,0,0,0,0,0,0,0,0,0,0,0,0,0,0,0,0,0,0,0,0,0,1,0,0,0,0,0,0,0,0,0,0,0,0,0,0,0,0,0,0,0,0
Ceratodictyon scoparium,0,6,9,0,0,0,0,0,0,9,0,0,0,0,0,19,18,3,0,20,9,0,0,4,3,0,3,0,0,1,38,58,0,1,4,60,7,0,3,8,3,2,0,0,5,9,6,16,0,1,0,0,0,12,10,124,33,0,22,46,22,27,12,16,1,0,5,0,2,0,23,0,49,0,4,18,52,2,0,0,0,17,0,0,9,8,175,0,0,11,0,0,0,0,0,0,0,0,0,0,3,0,0,5,4,0,0,0,0,0,1,0,0,0,3,0,31,0,4,0,29,1,32,8,44,1,0,0,2,2,3,0,0,0,2,5,0,0,0,0,0,0,0,0,0,0,0,0,0,0,0,0,3,0,0,0,0,0,1,3,0,15,2,3,0,6,0,8,6,0,0,12,0,3,0,12,13,4,6,0,0,0,0,0,0,0,0,0,0,0,0,0,0,0,0,6,1,0,0,0,35,7,52,9,11,16,8,27,0,114,9,2,16,0,29
Asparagopsis taxiformis,112,0,338,0,64,0,267,199,540,64,48,0,14,0,646,68,302,465,1740,1714,125,32,270,309,62,33,28,66,172,74,40,153,5,91,41,77,0,115,335,0,0,207,231,75,112,18,193,232,250,0,29,56,0,37,75,32,31,11,3,42,0,0,0,289,303,55,99,115,400,341,4,149,158,0,27,25,0,86,75,248,158,56,42,19,313,295,83,80,21,20,514,210,214,0,66,17,169,52,22,20,47,61,40,24,141,25,93,45,37,221,47,70,14,0,22,3,184,59,21,111,354,69,319,131,35,10,13,0,129,19,35,20,12,15,19,8,36,18,0,51,6,7,0,37,21,9,24,0,4,0,207,4,46,86,86,172,30,21,5,34,265,78,2,70,87,58,16,24,33,9,80,32,1,97,18,16,8,5,16,0,0,57,0,2,0,0,0,9,64,7,71,321,48,41,0,0,0,4,29,0,0,0,0,66,0,20,22,0,22,0,5,274,62,112,247
Palisada parvipapillata,1,0,0,0,0,0,0,47,0,0,0,0,304,379,140,0,53,0,0,0,0,1561,88,0,12,5,85,142,517,657,420,0,373,421,282,430,661,2,30,0,20,0,0,0,5,35,7,0,0,4,0,0,0,135,0,0,0,1,71,183,118,250,97,111,12,8,0,2,19,1,0,15,0,0,0,0,0,53,7,0,69,0,0,376,167,0,969,8,0,0,0,0,0,0,0,0,0,0,19,12,0,0,1550,23,0,0,0,0,12,5,0,0,0,0,0,0,34,0,0,18,5,50,631,1330,0,112,34,0,191,379,0,22,165,282,37,0,107,0,0,36,0,0,7,0,8,0,36,106,9,250,0,0,2,463,0,113,0,0,1364,1263,0,0,358,45,0,141,0,8,0,0,0,8,45,0,0,0,1,0,0,0,3,0,18,256,0,0,0,0,0,0,0,0,0,0,0,0,0,0,0,0,0,0,0,0,0,0,0,0,9,0,0,0,4,165,0
Plocamium sandvicense,0,0,0,0,0,0,0,0,0,0,0,0,0,0,0,0,0,0,0,0,0,0,0,0,0,0,0,0,0,0,0,0,0,0,0,0,0,0,0,0,0,0,0,0,0,0,0,0,0,0,0,0,0,0,0,0,0,0,0,0,0,0,0,0,0,0,0,0,0,0,0,0,0,0,0,0,0,0,0,0,0,0,0,0,0,0,0,0,0,0,0,0,0,0,0,0,0,0,0,0,0,0,0,0,0,0,0,0,0,0,0,0,0,0,0,0,0,0,0,0,0,0,0,0,0,0,0,0,0,0,0,0,0,0,0,0,0,0,0,0,0,0,0,0,0,0,0,0,0,0,0,0,0,0,0,0,0,0,0,0,0,0,0,3,0,0,0,0,0,0,0,0,0,0,0,0,0,0,0,0,0,0,0,0,0,0,0,0,0,0,0,0,0,0,0,0,0,0,0,0,0,0,0,0,0,0,0,0,0,0,0,0,0,0,0
Anotrichium tenue,0,0,0,0,0,0,0,0,0,0,0,44,0,0,0,0,0,0,0,0,0,0,0,0,0,0,0,0,0,0,0,0,0,0,0,0,0,0,0,0,0,0,0,0,0,0,0,0,0,0,0,0,0,0,0,0,0,0,0,0,0,0,0,0,0,0,0,0,0,0,0,0,0,0,0,0,0,0,0,0,0,0,3,0,0,0,0,0,0,0,0,0,0,0,0,0,0,0,0,0,0,0,0,0,0,0,0,0,0,0,0,0,0,0,0,0,0,0,0,0,0,0,0,0,0,0,0,0,0,0,0,0,0,0,0,0,0,0,0,0,0,0,0,0,0,0,0,0,0,0,0,0,0,0,0,0,0,0,0,0,0,0,0,0,0,0,0,0,0,0,0,0,0,0,0,0,0,0,0,0,0,0,0,0,0,0,0,0,0,0,0,0,0,0,0,0,0,0,0,0,0,0,0,0,0,0,0,0,0,0,0,0,0,0,275
Portieria hornemanii,0,0,0,0,0,0,0,0,0,0,0,0,0,0,0,0,0,0,0,0,0,0,0,0,0,0,0,0,0,0,0,0,0,0,0,0,0,0,0,0,0,0,0,0,0,0,0,0,0,0,0,0,0,0,0,0,0,0,0,0,0,0,0,21,0,0,0,0,0,0,0,0,0,0,0,0,0,0,0,0,0,0,0,0,0,0,0,0,0,0,0,0,0,0,0,0,0,0,0,0,0,0,0,0,39,0,0,0,6,0,3,0,0,0,0,0,0,0,0,0,0,0,0,0,0,0,0,0,0,0,0,0,0,0,0,0,0,0,0,0,0,0,0,0,0,0,0,0,0,0,0,0,0,0,0,0,0,0,0,0,0,0,0,0,0,0,0,0,0,0,0,0,0,0,0,0,0,0,0,0,0,0,3,0,0,0,0,0,0,0,0,0,0,0,0,0,0,0,0,0,0,0,0,0,0,0,0,0,0,0,0,0,0,0,0
Hypnea sp.,0,45,0,0,0,0,0,16,23,0,2,1,15,29,3,0,2,0,8,7,15,0,0,2,0,5,4,0,0,3,0,0,0,0,0,13,10,0,0,0,0,0,4,12,0,0,0,0,0,0,3,0,15,0,0,0,7,0,0,12,0,6,0,0,0,2,0,0,0,0,0,0,0,0,0,4,7,1,0,8,0,0,25,19,0,1,7,8,0,2,0,0,0,0,0,9,0,0,0,2,0,0,0,0,0,0,0,1,2,0,0,0,0,8,0,0,6,0,17,0,30,26,0,1,22,16,1,0,5,5,0,0,0,12,6,0,0,0,0,0,0,0,0,0,0,0,0,0,0,0,0,0,3,0,45,0,5,7,2,0,0,1,0,0,10,0,0,2,9,0,0,3,1,4,0,0,3,0,0,1,0,0,8,126,0,0,0,0,0,41,18,0,0,0,0,0,1,0,1,1,14,0,0,2,17,10,0,0,31,0,17,7,0,33,13
Moorea sp.,0,1,0,0,0,0,0,0,2,0,0,7,0,0,2,28,0,0,0,0,0,0,0,34,35,9,0,0,0,0,31,0,0,0,2,47,0,0,0,17,0,0,0,0,0,24,0,7,0,0,0,0,0,15,0,0,0,0,0,74,82,0,54,0,0,15,0,0,0,29,30,0,0,0,0,6,38,42,7,0,0,0,0,0,37,0,0,0,0,0,0,0,0,0,0,0,0,0,0,32,0,0,0,11,0,0,0,0,2,0,0,0,0,0,3,2,48,0,0,6,6,0,2,31,0,0,0,0,0,0,0,0,0,0,7,19,50,0,0,0,1,12,0,0,0,0,0,0,2,0,0,0,33,30,0,1,0,0,5,6,0,63,32,13,2,30,0,0,0,0,0,0,0,0,0,0,0,0,0,0,0,0,0,0,0,0,0,0,0,0,0,0,0,0,0,0,0,0,0,0,10,26,0,0,90,0,0,166,12,0,10,29,16,0,37
Crocosphaera watsonii,0,0,0,0,0,0,0,0,0,4,1,0,0,0,0,2,33,0,0,0,0,0,0,0,0,0,0,0,0,0,0,1,0,0,0,0,0,0,0,0,0,0,0,0,0,0,0,0,0,0,0,0,0,0,4,0,0,0,0,0,10,0,0,0,0,0,0,0,2,10,0,0,0,0,1,0,0,0,0,0,0,0,0,0,0,0,0,0,0,1,26,8,23,15,0,0,0,0,2,0,0,0,0,1,0,0,0,0,6,0,0,0,29,0,4,0,4,0,0,0,0,0,1,0,1,0,0,0,1,0,0,0,0,4,0,0,0,15,7,2,11,0,55,0,4,1,0,0,0,0,4,0,2,0,0,11,0,0,0,0,0,16,0,1,0,0,0,0,0,0,0,2,0,0,0,0,0,0,0,0,0,0,0,0,3,2,16,10,0,0,0,0,0,0,0,0,0,0,7,0,2,0,0,0,0,7,0,0,5,0,0,0,0,0,0
Corallinaceae,4,0,0,0,17,0,0,0,0,0,0,101,0,0,0,0,0,0,0,0,0,0,0,0,0,50,0,0,0,0,0,0,0,0,0,0,0,0,0,0,0,0,0,0,0,0,0,61,0,0,0,0,0,84,0,0,0,0,0,0,0,0,0,0,0,0,0,0,0,0,0,0,0,0,0,0,0,0,0,0,0,0,2,0,0,0,0,3,0,0,0,0,0,0,0,0,0,0,0,0,0,0,0,0,0,0,0,0,0,0,0,0,0,0,0,16,0,0,0,0,0,0,0,0,0,0,0,0,0,0,0,0,0,0,1,2,0,0,0,0,0,0,0,0,0,0,0,30,0,0,0,0,0,0,0,0,0,0,0,0,0,0,8,0,0,0,0,0,0,0,0,0,0,0,0,0,0,0,0,0,0,0,0,0,0,0,0,0,0,0,0,0,0,0,0,0,0,8,0,0,0,2,16,0,0,0,2,0,0,0,0,0,0,0,0
Ceramiaceae,0,54,0,0,0,0,0,0,4,0,0,0,0,0,0,0,0,0,0,0,3,28,25,0,10,37,159,61,45,20,184,0,42,3,54,0,9,16,6,0,0,0,0,6,0,9,6,24,180,0,41,94,0,1,0,29,22,0,0,0,5,4,54,29,15,6,0,8,0,0,33,0,18,0,0,4,0,28,12,6,0,0,20,0,0,0,0,0,0,0,0,0,0,0,5,8,6,97,94,33,1,5,8,32,66,30,8,0,30,16,66,28,0,0,16,0,18,0,0,13,0,1,16,22,0,77,135,0,37,10,0,0,0,7,16,15,2,0,16,0,4,0,0,23,0,0,5,164,15,16,74,224,62,0,61,11,1,51,143,90,5,34,0,5,27,41,0,0,0,0,0,0,0,0,0,0,0,0,0,0,0,0,0,0,10,1631,198,0,0,0,0,0,0,0,0,0,0,0,27,0,7,58,136,2,33,24,6,3,34,28,95,0,12,1,231
Hydrolithon sp. ,0,0,0,0,0,0,0,0,0,0,0,0,0,0,0,0,0,0,0,0,0,0,0,0,0,0,0,0,0,0,0,0,0,0,0,0,0,0,0,0,0,0,0,0,0,0,0,0,0,0,0,0,0,0,0,0,0,0,0,0,2,0,0,0,0,0,0,3,0,0,0,0,0,0,0,0,2,0,0,0,0,0,0,0,0,0,0,0,0,0,0,0,0,0,0,0,0,0,0,0,0,0,0,0,0,0,0,0,0,0,0,0,0,12,6,0,0,0,0,0,0,0,0,0,0,0,0,0,0,0,2,0,0,0,0,0,0,0,0,0,0,0,0,0,0,0,0,0,0,0,0,0,0,0,0,0,0,0,0,0,0,0,0,0,0,0,0,0,0,0,0,0,0,0,0,0,0,0,0,0,0,0,0,0,0,0,0,0,0,0,0,0,0,0,0,0,2,0,0,0,0,0,0,0,0,0,0,0,0,0,0,0,0,0,1
Peyssonnelia inamoena,0,0,0,0,0,0,0,0,0,0,0,0,0,0,0,0,0,0,0,0,0,0,0,0,0,0,0,0,0,0,0,0,0,0,0,0,0,0,0,0,0,0,0,0,0,0,0,0,0,0,0,0,0,0,0,0,0,0,0,0,0,0,0,0,0,0,0,0,0,0,0,0,0,0,0,0,0,0,0,0,0,0,0,0,0,0,0,0,0,0,0,0,0,0,0,0,0,0,0,0,0,0,0,0,0,0,0,0,0,0,0,0,0,0,0,0,0,0,0,0,0,19,0,0,0,0,0,0,0,0,0,0,0,0,0,0,0,0,0,0,0,0,0,0,0,0,0,0,0,0,0,0,0,0,0,0,0,0,0,0,0,0,0,0,0,0,0,0,0,0,0,0,0,0,0,0,0,0,0,0,0,0,0,0,0,0,0,0,0,0,0,0,0,0,0,0,0,0,0,0,0,0,0,0,0,0,0,0,0,0,0,0,0,0,0
Bryopsidales,4,412,84,28,17,0,0,13,56,2,0,16,10,24,3,89,39,30,71,19,11,102,8,0,20,93,49,4,349,64,107,67,152,6,420,183,75,36,94,9,6,33,38,0,209,31,50,61,100,273,3,0,0,16,31,79,116,0,49,229,231,22,100,70,26,98,36,21,5,2,9,0,13,0,23,13,67,64,303,32,0,720,10,11,0,7,565,2,288,0,0,0,4,0,2,28,5,2,73,57,72,54,29,55,24,21,18,168,77,39,168,339,0,171,7,1,89,0,0,6,4,0,0,97,42,68,6,0,11,1,19,46,102,59,24,98,104,0,3,13,1,45,3,165,2,1,0,15,2,0,172,4,70,21,77,113,0,0,43,36,285,32,43,35,28,67,8,21,14,12,17,12,36,60,1,55,52,55,57,6,3,72,19,0,0,2,11,2,0,0,0,0,166,0,0,81,82,14,358,23,89,62,40,41,129,94,15,47,115,65,1719,126,145,11,141
Padina gymnospora,0,0,0,0,44,0,0,0,0,0,0,0,0,0,0,0,0,60,0,0,0,0,0,0,0,0,0,0,8,0,0,0,0,0,0,0,0,0,0,0,0,0,0,0,0,0,0,0,0,0,0,0,0,0,0,0,18,0,0,0,0,0,0,0,0,0,5,0,0,0,0,0,0,0,0,0,0,0,0,0,0,24,0,0,0,0,0,0,0,481,0,0,1656,0,0,0,0,0,0,0,5,0,6,0,0,0,29,47,0,24,0,0,0,0,0,0,0,0,0,0,0,0,0,0,0,0,0,0,0,0,0,0,0,0,0,0,0,0,0,0,0,0,0,0,0,0,0,0,0,0,0,0,0,0,0,0,141,0,0,0,0,0,0,0,0,0,0,0,0,6,0,0,7,0,3,0,0,0,0,0,0,0,0,0,0,0,0,0,0,0,0,0,0,0,0,4,0,0,20,36,0,0,0,0,0,0,0,0,0,0,0,0,0,0,0
Caulacanthus ustulatus,0,0,0,0,0,0,0,0,0,0,0,0,0,0,0,0,0,0,0,0,0,0,0,0,0,0,0,0,0,0,0,0,0,0,0,0,0,0,0,0,0,0,0,0,0,1,0,0,0,0,0,0,0,0,0,0,0,0,0,0,0,0,0,0,0,0,0,0,0,0,0,0,0,0,0,0,0,0,0,0,0,0,0,0,0,0,3,0,0,0,0,0,0,0,0,0,0,0,0,2,3,6,0,0,0,0,0,4,7,8,0,2,0,0,0,0,0,0,0,0,0,0,0,0,0,0,0,0,0,0,0,0,0,0,0,0,0,0,0,0,0,0,0,0,0,0,0,0,0,0,0,0,0,0,0,0,0,0,0,0,0,0,0,0,0,0,0,7,0,0,0,0,0,0,0,4,0,0,0,0,0,0,0,0,0,0,0,0,0,0,0,0,0,0,0,0,0,14,0,0,0,4,0,0,0,0,0,9,5,0,0,37,23,0,0
Kryptoperidinium foliaceum,3,0,9,0,33,0,30,0,0,13,7,0,12,0,4,15,4,0,6,2,0,15,0,0,4,3,0,5,2,12,14,0,2,0,2,0,2,7,2,4,0,14,7,7,21,0,0,0,0,7,0,0,17,7,17,3,3,2,0,0,0,7,14,3,8,3,1,0,0,0,0,1,2,5,16,1,0,9,0,0,0,0,0,1,3,0,14,2,0,0,17,14,16,80,0,0,10,1,3,5,0,5,5,0,0,6,2,7,0,0,0,0,0,0,0,10,0,0,0,3,0,0,0,8,0,0,0,0,0,0,21,1,0,9,2,3,0,0,0,0,0,0,0,0,0,3,0,0,0,0,5,0,0,0,0,0,0,0,0,3,0,0,0,0,0,0,0,0,0,0,0,0,0,0,0,0,0,0,0,0,0,0,0,0,7,0,0,0,0,12,0,0,34,0,0,1,3,0,0,0,0,0,0,1,0,0,0,0,0,0,0,0,11,0,8
Nitzschia sp. ,0,0,0,0,0,0,0,0,0,0,0,0,0,0,0,0,0,0,0,0,0,0,0,0,0,0,0,0,0,0,0,0,0,0,0,0,0,0,0,0,0,0,0,0,0,5,0,0,0,0,0,0,0,0,0,0,0,0,0,0,0,0,0,0,0,0,0,0,0,0,0,0,0,0,0,0,0,0,0,0,0,0,0,0,0,0,0,0,0,0,0,0,0,0,0,0,0,0,0,0,0,0,0,0,0,0,0,0,0,0,0,0,0,0,0,0,0,0,0,0,0,0,0,0,0,0,0,0,0,0,0,0,0,0,0,0,0,0,0,0,0,0,0,0,0,0,0,0,0,0,0,0,0,0,0,0,0,0,0,0,0,0,0,0,0,0,0,0,0,0,0,0,0,0,0,0,0,0,0,0,0,0,0,0,0,0,0,0,0,0,0,0,0,0,0,0,0,0,0,0,0,0,0,0,1,0,0,0,0,0,0,0,0,0,0
Polysiphonia sp. ,0,38,96,0,306,0,15,0,45,51,75,0,51,11,0,0,0,84,0,9,0,11,170,137,720,1002,1506,867,167,3,20,28,0,416,46,15,8,29,121,0,0,90,27,155,151,61,10,0,0,0,0,0,0,214,32,186,54,8,15,9,0,26,6,14,136,0,365,5,31,47,0,24,1,0,0,0,0,1,29,0,0,0,0,2,7,65,2,0,95,0,6,0,5,0,131,106,71,39,0,16,2,0,1,0,24,0,24,0,0,13,0,2,244,1261,346,564,21,0,2,0,0,5,0,0,1,0,0,0,10,0,324,885,203,292,174,173,39,313,644,1011,860,698,733,693,799,777,708,326,146,369,36,0,0,0,18,0,36,5,0,0,0,0,0,2,0,0,0,120,409,167,319,155,22,147,98,245,78,393,130,0,0,90,0,8,0,0,0,0,35,52,0,0,17,24,0,0,0,0,0,0,0,8,214,35,0,0,3,0,0,0,0,15,38,0,0
Haliptilon subulatum,0,0,0,0,0,0,0,0,0,0,0,0,0,0,0,0,0,0,0,0,0,0,0,0,0,0,0,0,0,0,0,0,0,0,0,0,0,0,0,0,0,0,0,0,0,0,0,0,0,0,0,0,0,0,0,0,0,0,0,0,0,0,0,0,0,0,0,0,0,0,0,0,0,0,0,0,0,0,0,0,0,0,0,0,0,0,0,0,0,0,0,0,0,0,5,0,0,0,0,0,0,0,0,0,0,0,0,0,0,0,0,0,0,0,0,0,0,0,0,0,0,0,0,0,0,0,0,0,0,0,0,0,0,0,0,0,0,0,0,0,0,0,0,0,0,0,0,0,0,0,0,0,0,0,0,0,0,0,0,0,0,0,0,0,0,0,0,0,0,0,0,0,0,0,0,0,0,0,0,0,0,0,0,0,0,0,0,0,0,0,0,0,0,0,0,0,0,0,0,0,0,0,0,0,0,0,0,0,0,0,0,0,0,0,0
Grateloupia sp.,0,0,0,0,0,0,0,0,0,0,0,0,0,0,0,0,0,0,0,0,0,0,0,0,0,0,0,0,0,0,0,0,0,0,0,14,0,0,0,0,0,3,1,0,0,0,0,0,0,0,0,0,0,0,0,0,0,0,0,0,0,0,0,0,0,0,0,0,0,0,0,0,0,0,0,0,0,0,0,0,0,0,0,0,0,0,0,0,0,0,0,0,0,0,0,0,0,0,0,0,0,0,0,0,0,0,0,0,0,0,0,0,0,0,0,0,0,0,0,0,0,0,0,0,0,0,0,0,0,0,0,0,0,0,0,0,0,0,0,0,0,0,0,0,0,0,0,0,0,0,0,0,0,0,0,0,0,0,0,0,0,0,0,0,0,0,0,0,0,0,0,0,0,0,0,0,0,0,0,0,0,0,0,0,0,0,0,0,0,0,0,0,0,0,0,1,0,0,0,0,0,6,3,0,0,0,0,0,0,0,0,0,0,0,0
Liagoraceae,1,9,6,0,13,6,14,11,49,11,26,0,10,1,17,24,8,0,2,13,25,4,5,1,10,4,3,13,16,27,35,100,6,41,4,3,14,21,19,19,21,24,25,14,8,0,0,5,10,4,0,0,0,3,8,4,5,0,0,13,9,12,5,16,4,2,1,2,10,1,9,6,16,0,10,3,8,5,0,0,9,0,1,1,11,33,0,0,0,5,53,67,27,7,24,0,13,8,3,6,0,8,0,0,1,0,1,6,5,11,32,2,16,7,7,4,5,0,1,1,16,3,7,11,8,1,4,0,1,2,14,0,0,1,5,7,3,2,0,4,0,8,0,0,6,2,0,0,5,0,1,4,9,1,2,1,0,0,1,1,3,0,3,7,7,0,0,9,2,1,1,1,4,0,0,5,1,0,0,3,0,16,0,0,0,0,21,2,7,23,18,15,83,0,0,0,0,4,0,0,2,1,18,0,3,5,6,4,3,9,13,0,2,55,6
Lotharella oceanica,0,1,49,0,0,7,12,4,27,18,28,0,16,0,0,3,79,31,21,14,15,0,12,0,13,0,8,2,0,0,4,0,0,0,0,0,0,0,1,0,0,1,0,3,0,0,0,0,0,0,39,0,56,0,6,3,5,0,0,11,0,0,2,0,2,7,7,2,3,0,4,1,0,0,0,0,0,0,1,33,60,23,19,0,4,0,8,0,0,30,73,72,128,478,3,0,0,10,7,1,0,4,7,8,5,5,2,0,5,2,0,8,110,0,2,0,0,2,7,0,0,0,0,0,0,0,0,0,0,0,3,0,0,12,0,0,0,0,0,0,0,0,1,0,0,0,0,0,6,0,1,0,0,4,0,0,0,0,0,4,0,3,6,0,5,0,0,1,0,0,0,1,2,0,0,0,1,0,0,0,0,0,0,0,71,36,151,46,0,5,0,27,0,0,0,0,0,0,0,0,0,0,2,0,0,6,4,0,0,0,0,3,3,0,2
Cryptonemia yendoi,0,0,0,0,0,0,0,0,0,0,0,0,0,0,0,0,0,0,86,0,0,0,0,0,0,0,0,0,0,0,0,0,23,0,0,0,0,0,0,0,0,0,0,0,0,0,0,0,0,0,0,0,0,0,0,0,0,0,0,0,0,0,0,0,0,0,0,0,2,0,0,0,0,0,0,0,0,0,0,0,0,0,0,0,0,0,0,0,0,0,0,0,0,0,0,0,0,0,0,0,0,23,7,0,0,1,0,0,15,0,12,0,0,0,0,0,0,0,0,0,0,0,0,0,0,0,0,0,0,0,0,0,0,0,0,0,0,0,0,0,0,0,0,0,0,0,0,0,0,0,31,0,0,0,0,0,0,0,0,0,0,0,0,0,0,0,4,0,0,0,0,0,1,0,0,0,0,0,0,0,0,0,0,0,0,8,0,0,0,0,49,0,0,0,0,0,2,0,0,0,0,0,0,0,10,0,0,0,0,0,0,44,4,0,0
Peyssonnelia sp.,0,0,0,0,0,0,0,5,0,0,0,0,15,0,0,0,0,0,0,0,0,0,19,0,0,0,0,10,0,0,59,0,4,0,0,0,0,0,0,0,0,0,0,0,0,0,0,0,0,0,0,0,0,0,0,0,34,0,0,0,5,46,0,0,0,64,0,1,0,0,0,0,3,0,0,9,0,0,0,0,0,0,0,0,0,0,8,2,0,0,0,0,0,0,0,0,0,0,0,0,0,0,0,0,0,1,0,0,0,0,3,0,0,0,3,0,2,0,0,0,0,0,0,0,0,3,0,0,0,0,0,0,0,0,0,0,1,0,0,0,0,0,0,3,0,0,0,0,0,0,0,0,0,0,0,0,0,0,0,0,0,0,0,0,0,0,9,0,0,0,0,0,0,0,0,0,0,0,0,0,0,0,0,0,0,172,32,21,0,0,0,0,0,0,0,2,6,0,0,0,5,0,0,16,0,0,0,0,0,0,0,0,6,0,0
Chromerida,0,4,5,0,7,97,15,21,6,8,9,0,18,0,4,2,72,13,0,0,4,0,7,0,3,8,4,6,23,11,18,33,0,15,14,11,0,18,21,24,20,15,25,16,0,0,0,0,0,0,89,130,65,0,8,0,20,9,0,2,9,0,0,15,9,0,8,16,3,9,2,4,0,114,0,0,0,0,3,0,0,0,0,0,0,20,0,0,0,3,14,6,43,127,3,0,22,8,0,11,5,0,0,4,6,2,0,17,14,9,3,15,0,16,5,0,0,3,10,0,0,0,0,7,3,7,0,628,14,0,1,0,0,2,3,2,18,5,0,1,8,0,0,6,2,1,0,0,0,0,6,6,10,6,19,11,20,27,1,6,4,0,0,6,4,6,17,0,4,0,0,0,2,4,4,1,2,0,0,0,0,0,0,2,776,226,832,908,11,0,3,0,8,0,71,0,0,2,5,0,0,5,0,8,0,0,0,3,1,3,4,0,6,0,0
Synechococcus sp. ,0,0,0,0,0,59,0,0,1,0,4,0,6,0,0,0,0,0,2,1,9,2,3,0,2,0,0,0,0,0,0,0,0,0,0,0,0,0,0,0,0,0,0,0,0,0,0,0,0,0,0,0,0,0,0,0,0,0,0,0,0,0,2,0,0,0,0,4,0,1,0,2,0,0,2,0,0,0,0,0,0,0,0,0,0,0,0,0,0,8,24,21,22,29,0,0,0,0,0,2,0,0,0,0,0,0,0,0,2,0,0,0,0,0,0,0,0,0,0,0,0,0,0,0,0,0,0,0,0,0,0,0,0,1,0,0,12,0,0,0,0,0,0,0,0,0,0,0,0,0,0,0,0,0,0,0,0,0,0,0,0,0,0,0,0,0,0,0,0,0,0,0,0,0,0,0,0,0,0,0,0,0,0,0,0,72,107,119,0,0,0,0,0,0,0,0,0,0,0,0,0,0,0,0,0,0,0,3,0,0,3,9,0,0,0
Spyridia sp.,0,0,0,0,0,0,0,0,0,0,0,0,0,0,0,0,0,0,0,0,0,0,0,0,0,0,0,0,0,0,0,0,0,0,0,0,0,0,0,0,0,0,0,0,0,0,0,0,0,0,0,0,0,0,0,0,0,0,0,0,0,0,0,0,0,0,0,0,0,0,0,0,0,0,0,0,0,0,0,0,0,0,0,0,0,0,0,0,0,0,0,0,0,0,0,0,0,0,0,0,0,0,0,0,0,0,0,0,0,0,0,0,0,0,0,0,0,0,0,0,0,0,0,0,0,0,0,0,0,0,0,0,0,0,0,0,0,0,0,0,0,0,0,0,0,0,0,0,0,0,0,0,0,0,0,0,0,0,0,0,0,0,0,0,0,0,0,0,0,0,0,0,0,0,0,0,0,0,0,0,0,0,0,0,0,0,0,0,0,0,0,0,0,0,166,0,0,0,0,0,0,0,0,0,0,0,0,0,0,0,0,0,0,0,0
Perikladosporon percurrens,0,0,4,0,0,0,0,0,0,0,0,0,0,0,0,0,0,0,0,5,0,0,0,0,0,0,0,0,0,0,0,0,0,0,0,30,0,0,0,0,0,0,0,0,1,46,0,256,115,1,3,0,5,0,0,0,0,0,27,0,325,0,1,0,2,187,0,0,0,0,0,0,0,0,0,240,4,269,61,0,18,0,6,0,0,0,0,0,2,0,15,0,0,0,0,0,0,0,0,18,6,0,0,4,0,0,0,0,0,0,0,0,0,0,0,0,0,0,0,1,0,0,14,0,0,0,0,0,0,1,0,0,0,0,0,0,27,0,0,0,0,0,0,0,0,0,0,0,0,0,0,0,5,0,0,0,0,0,0,0,0,18,0,0,0,0,0,0,0,0,0,0,0,0,0,0,0,0,4,0,0,0,0,0,2563,4896,3983,142,0,0,0,45,0,0,0,0,0,0,0,0,0,0,0,0,11,3,0,0,0,0,3,0,1,0,0
Galaxaura rugosa,0,0,34,0,1,0,15,3258,0,1,291,0,38,0,0,0,0,0,0,0,0,0,3,0,0,252,0,12,3,4,0,0,3,0,0,0,0,0,0,0,0,0,0,0,165,42,0,0,0,0,0,0,32,0,39,0,0,0,0,0,2,0,0,2,0,0,0,0,0,23,0,0,0,108,0,0,0,0,0,0,0,0,0,4,0,0,0,49,5,2,0,0,1,0,0,0,0,0,0,0,0,0,0,0,0,0,6,0,0,0,0,0,0,0,18,3,0,0,0,0,1,0,0,0,3,0,0,0,0,0,97,0,0,1,4,32,0,0,0,0,0,0,0,0,0,0,0,0,0,0,0,0,0,0,0,0,0,0,0,0,0,0,0,0,0,0,0,0,0,0,0,0,0,0,0,0,0,0,0,0,0,0,0,0,0,0,0,0,0,7,0,22,0,71,0,0,0,0,0,0,0,0,0,0,0,0,0,0,0,0,0,0,0,0,0
Dinophyceae,0,0,0,0,0,0,0,0,0,0,0,0,0,0,0,0,0,0,0,0,0,0,0,0,0,0,0,0,0,0,0,0,0,0,0,0,0,0,0,0,0,0,0,0,0,0,8,0,0,0,0,0,0,0,0,0,0,0,0,0,0,0,0,0,0,0,0,0,0,0,0,0,0,0,0,0,0,0,0,0,0,0,0,0,0,0,0,0,0,0,0,0,0,0,0,0,0,0,0,0,0,0,0,0,0,0,0,0,0,0,0,0,0,0,0,0,0,0,0,0,0,0,0,0,0,0,0,0,0,0,0,0,0,0,0,0,0,0,0,0,0,0,0,0,0,0,0,0,0,0,0,0,0,0,0,0,0,0,0,0,0,0,0,0,0,0,0,0,0,0,0,0,0,0,0,0,0,0,0,0,0,0,0,0,0,0,0,0,0,0,0,0,0,0,0,0,0,0,0,0,0,0,0,0,0,0,0,0,0,0,0,0,0,0,0
Lobophora variegata,0,0,23,278,17,0,0,0,0,0,0,0,208,21,2,19,29,0,0,0,0,0,0,0,0,0,0,0,0,0,0,0,0,0,0,0,0,0,5,0,0,0,0,94,4,15,43,29,72,56,139,0,52,20,11,0,0,0,0,0,11,0,13,0,0,18,0,0,0,0,5,0,6,0,47,166,209,0,0,0,0,0,0,0,931,5,0,95,9,0,0,6,0,0,0,0,0,0,0,23,0,0,0,5,0,0,0,0,0,0,0,0,0,0,4,0,21,0,5,15,0,2,1,34,1,0,0,0,0,21,0,0,31,0,0,0,18,0,0,0,0,0,0,0,0,0,0,0,0,0,3,0,67,4,0,10,0,0,73,7,1,12,45,152,0,126,0,0,0,0,0,0,0,0,0,0,0,0,0,64,173,0,69,17,0,0,0,0,0,0,0,0,0,0,0,0,0,0,0,0,0,0,0,0,0,0,0,0,0,0,0,0,0,0,0
Scytosiphonaceae,0,0,4,0,0,0,0,0,0,0,0,14,0,0,0,0,0,0,0,1,1,0,0,0,0,0,0,2,0,0,0,0,0,0,0,0,0,0,0,3,0,0,0,5,0,0,0,0,4,1,0,0,10,0,4,0,0,1,0,54,0,0,0,0,0,3,0,0,2,10,0,0,0,0,0,0,0,0,5,0,0,0,0,0,0,0,3,0,0,0,0,0,0,0,0,0,0,0,0,0,0,0,0,0,0,0,0,0,0,0,0,0,0,0,4,0,0,0,0,0,4,0,0,0,0,0,0,0,0,0,4,0,0,0,0,0,0,0,0,0,0,9,0,0,0,0,0,0,0,0,0,0,7,1,0,0,0,0,0,0,0,0,0,0,0,0,0,0,0,0,0,0,0,0,0,0,0,0,0,0,0,0,0,0,0,8,5,0,0,0,0,0,0,0,0,1,1,0,0,0,0,0,0,0,0,0,0,0,0,0,3,0,0,0,0
Rhodophyta,955,948,864,0,1088,327,1008,621,367,394,385,779,1667,191,951,1469,557,832,769,728,162,138,650,232,241,229,437,444,614,1129,465,4611,1087,1003,1222,1237,1082,1418,727,373,432,1480,1199,313,686,813,1137,697,676,1740,597,140,397,517,1379,252,745,506,579,434,871,315,887,499,265,887,460,431,267,318,468,267,857,909,310,668,1122,467,743,1316,298,2064,332,730,649,212,845,852,529,545,335,223,587,1375,1492,597,347,515,1103,734,726,866,757,775,892,893,1293,720,1315,422,842,930,1559,330,1862,601,952,517,1283,491,1617,1337,798,558,57,1093,1945,5,908,436,2289,164,415,604,765,646,706,1155,581,1294,1960,1401,2806,813,1449,917,1334,455,981,1036,1095,87,970,509,124,591,114,68,576,302,461,764,557,755,211,1135,1249,1300,475,512,582,732,438,582,342,773,960,1082,646,4168,514,246,50,87,494,1239,460,3743,254,406,116,1008,774,118,233,2038,631,2936,1177,2147,1831,2448,934,2119,1048,734,354,1715,964,1780,893,1553,1280,932,1032
Acaryochloris marina ,0,0,0,0,0,0,0,0,0,0,0,0,0,7,0,0,0,0,0,2,0,0,0,0,0,0,0,0,0,0,0,0,0,0,0,0,0,0,0,0,0,0,0,0,0,0,0,0,0,0,0,0,0,0,0,0,0,0,0,0,0,0,0,0,0,0,0,0,0,0,0,0,0,0,0,0,0,0,0,0,0,0,0,0,0,0,0,0,0,0,0,0,0,0,0,0,0,0,0,0,0,0,0,0,0,0,0,0,0,0,0,0,0,0,0,0,0,0,0,0,0,0,0,0,0,0,0,0,0,0,0,0,0,0,0,0,0,0,0,0,0,0,0,0,0,0,0,0,0,0,0,0,0,0,0,0,0,0,0,0,0,0,0,0,0,0,0,0,0,0,0,0,0,0,0,0,0,0,0,0,0,0,0,0,0,0,0,0,0,0,0,0,0,0,18,0,0,0,0,0,0,0,0,0,0,0,0,0,0,0,0,0,0,0,0
Bangiaceae,0,0,0,0,0,0,0,0,0,0,0,9,0,0,0,0,0,0,0,0,0,0,0,0,0,0,0,0,0,0,0,0,0,0,0,0,0,0,0,0,0,0,0,0,0,0,0,0,0,0,0,0,0,0,0,0,0,0,0,0,0,0,0,0,0,0,0,0,0,0,0,0,0,0,0,0,0,0,0,0,0,0,0,0,0,0,0,0,0,0,0,8,36,68,0,0,0,0,0,0,0,0,0,0,0,0,0,0,0,0,0,0,0,0,0,0,0,0,0,0,0,0,0,0,0,0,0,0,0,0,0,0,0,0,0,0,0,0,0,0,0,0,0,0,0,0,0,0,0,0,0,0,0,0,0,0,0,0,0,0,0,0,0,0,0,0,0,0,0,0,0,0,0,0,0,0,0,0,0,0,0,0,0,0,0,0,16,0,0,0,0,0,0,0,0,0,0,0,0,0,0,0,0,0,0,0,0,0,0,0,0,0,0,0,0
Macrocarpus perennis,0,0,0,0,0,0,0,0,0,0,0,0,0,0,0,0,0,0,0,0,0,0,0,0,20,0,0,0,0,0,0,0,0,0,0,0,0,0,0,0,0,0,0,0,0,0,0,0,0,0,0,0,0,0,0,0,0,0,0,0,0,0,0,0,0,0,0,0,0,2,0,0,1,0,0,0,0,0,0,0,0,0,0,14,0,0,28,0,0,0,0,0,0,0,0,0,0,0,0,0,0,0,0,0,0,0,0,0,0,0,0,0,0,0,0,0,0,0,1,0,0,0,0,0,0,0,0,0,0,0,0,0,0,0,0,0,0,0,0,0,0,0,0,0,0,0,0,0,0,5,0,0,0,0,0,0,0,0,0,0,0,0,0,0,0,0,0,0,0,0,0,0,0,0,0,0,0,0,0,0,0,0,0,0,0,0,0,0,0,0,0,0,0,0,0,0,0,0,0,0,0,0,0,0,2,0,0,0,0,0,0,0,0,0,0
Dasya iridescens,0,0,0,0,0,0,0,0,0,0,0,0,0,0,0,0,0,0,0,0,0,0,0,0,0,0,0,0,0,0,0,0,0,0,0,0,0,0,0,0,0,0,0,0,0,0,0,0,0,0,0,0,0,0,0,0,0,0,0,0,0,0,0,0,0,0,0,0,0,0,0,0,0,0,0,0,0,0,0,0,0,0,0,0,0,0,0,0,0,0,0,0,0,0,0,0,0,0,0,0,0,0,0,0,0,0,0,0,0,0,0,0,0,0,0,0,0,0,0,0,0,0,0,287,0,0,0,0,0,0,0,0,0,0,0,0,0,0,0,0,0,0,0,0,0,0,0,0,0,0,0,0,0,0,0,0,0,0,0,0,0,0,0,0,0,0,0,0,0,0,0,0,0,0,0,0,0,0,0,0,0,0,0,0,0,0,0,0,0,0,0,0,0,0,0,0,0,0,0,0,0,0,0,0,0,0,0,0,0,0,0,0,0,0,0
Spirocladia barodensis,0,0,0,0,0,0,17,0,0,0,0,0,0,0,0,0,0,0,0,0,0,0,0,0,0,0,0,0,0,0,0,0,0,0,0,0,0,0,0,0,0,0,0,0,0,0,0,0,0,0,0,0,0,0,0,0,0,0,0,0,0,0,0,0,0,0,0,0,0,0,0,0,0,0,0,0,0,0,0,0,0,0,0,0,0,0,0,0,0,0,0,0,0,0,0,0,0,0,0,0,0,0,0,0,0,0,0,0,0,0,0,0,0,0,0,0,0,0,0,0,0,0,0,0,0,0,0,0,0,0,0,0,0,0,0,0,0,0,0,0,0,0,0,0,0,0,0,0,0,0,0,0,0,0,0,0,0,0,0,0,0,0,0,0,0,0,164,0,0,0,0,0,0,0,0,0,0,0,0,0,0,0,0,0,0,0,0,0,0,0,0,0,0,0,0,0,0,0,0,0,0,0,0,0,0,0,0,0,0,0,0,0,0,0,0
Acrothamnion butlerae,0,0,0,552,0,0,0,0,0,0,0,0,0,0,0,0,48,0,0,0,0,0,0,0,0,0,0,0,0,0,0,0,0,0,0,0,0,0,0,0,0,0,0,0,0,0,16,13,0,0,0,0,0,0,0,0,0,0,0,0,0,0,0,0,0,0,0,0,0,0,0,0,0,0,0,0,0,0,0,0,0,0,15,0,0,0,0,0,0,0,276,174,16,0,0,0,0,0,0,0,0,0,0,0,0,0,0,0,0,0,0,0,0,0,0,0,0,0,0,0,0,0,0,0,0,0,0,0,0,0,0,0,0,0,0,0,0,0,0,0,0,0,0,0,0,0,0,0,0,0,0,0,0,0,0,0,0,0,0,0,0,0,0,0,0,0,0,0,0,0,0,0,0,0,0,0,0,0,0,0,0,0,0,0,0,0,0,0,0,0,8,0,0,0,0,0,0,0,0,0,0,0,0,0,0,0,0,0,0,0,0,0,0,0,0
Platoma sp.,0,0,0,0,0,0,0,0,0,0,0,0,0,0,0,0,0,0,0,0,0,0,0,0,0,0,0,0,0,0,0,0,0,0,0,0,0,0,0,0,0,0,0,0,0,0,0,0,0,0,0,0,0,0,0,0,0,0,0,0,0,0,0,0,0,0,0,0,0,0,0,0,0,0,0,0,0,0,0,0,0,0,0,0,0,0,217,438,0,0,0,0,0,0,0,0,0,0,0,0,0,0,0,0,0,0,0,0,0,0,0,0,0,0,0,0,0,0,0,0,0,0,0,0,0,0,0,0,0,0,0,0,0,0,0,0,0,0,0,0,0,0,0,0,0,0,0,0,0,0,0,0,0,0,0,0,0,0,0,0,0,0,0,0,0,0,0,0,0,0,0,0,0,0,0,0,0,0,0,0,0,0,0,0,0,0,0,0,0,0,0,0,0,0,0,0,0,0,0,0,0,0,0,0,0,0,0,0,0,0,0,0,0,0,0
Amphiroa valonioides,0,0,33,0,0,0,0,24,0,0,0,0,0,0,0,4,0,3,0,0,1,0,8,0,1,0,0,0,0,0,0,0,0,0,0,0,0,0,0,0,0,0,0,0,0,0,0,0,0,0,0,0,10,6,0,0,0,5,0,1,5,1,5,4,0,0,0,2,0,0,0,0,0,35,1,1,0,5,0,0,0,0,0,0,0,3,0,1,2,0,3,0,0,0,0,1,0,2,0,1,0,3,2,0,0,0,0,0,0,0,0,0,1,0,0,0,0,0,0,0,0,0,0,4,0,0,0,0,0,0,8,0,0,0,0,0,0,11,0,0,0,0,0,0,0,0,0,0,0,0,1,0,0,0,0,0,0,0,1,0,0,2,1,0,0,0,0,0,0,0,0,0,0,0,0,0,0,0,0,1,0,0,0,0,0,0,3,11,0,4,0,8,0,109,0,0,0,0,0,0,0,0,3,0,0,1,2,0,0,0,0,0,0,0,0
Xenococcus sp. ,0,0,0,0,0,0,0,0,0,0,0,0,0,0,0,0,8,0,0,0,0,0,0,0,0,0,0,0,0,0,0,0,0,0,0,0,0,0,0,0,0,0,0,0,0,0,0,0,0,0,0,0,23,0,0,0,0,0,0,0,0,0,0,0,0,0,0,0,0,0,0,0,0,0,0,0,0,0,0,0,0,0,0,0,0,0,0,0,0,0,1,0,0,0,0,0,0,0,0,0,0,0,0,0,0,0,0,0,0,0,0,0,0,0,2,0,0,0,0,0,0,0,0,0,0,0,0,0,0,0,0,0,0,1,0,0,0,0,0,0,0,0,0,0,0,0,0,0,0,0,0,0,0,0,0,0,0,0,0,0,0,0,0,0,0,0,0,0,0,0,0,0,0,0,0,0,0,0,0,0,0,0,0,0,0,0,1,0,10,0,0,0,0,0,0,0,0,0,0,0,0,0,0,0,0,0,0,0,0,0,0,0,0,0,0
Chrysymenia okamurae,0,0,0,0,0,0,0,0,0,0,0,0,0,0,0,0,0,0,0,0,0,0,0,0,0,0,0,0,0,0,59,0,73,0,0,0,21,0,0,0,0,26,99,0,0,0,0,0,0,0,0,0,0,0,0,0,0,0,0,0,0,0,0,0,0,0,0,0,0,0,430,0,0,0,0,0,0,0,0,0,0,0,0,0,0,0,0,0,0,0,0,0,0,0,0,0,0,0,0,0,0,0,5,0,0,0,0,0,0,0,0,0,0,0,0,0,0,0,0,0,0,0,0,0,0,0,0,0,0,0,0,0,0,0,0,0,2,0,0,0,0,0,0,0,0,0,0,0,0,0,0,0,0,0,0,0,0,0,0,0,0,0,0,0,0,0,0,0,0,0,0,0,0,0,0,0,0,0,0,0,0,0,0,0,0,0,0,0,0,0,0,0,0,0,0,0,0,0,0,0,0,0,0,0,0,0,0,0,0,0,0,0,0,0,0
Crouania sp. ,0,0,0,0,0,0,0,0,17,0,0,0,1,0,2,0,0,0,0,0,0,0,0,0,172,0,7,3,512,136,605,0,330,443,122,219,668,68,312,8,0,341,348,0,0,0,109,0,0,0,0,0,0,0,0,4,0,0,25,20,178,22,0,0,30,41,0,21,0,0,46,8,0,0,9,1,1,5,0,168,351,2,0,3,0,0,0,0,0,0,0,0,0,0,0,7,9,0,0,14,0,48,0,6,0,0,0,0,4,0,29,0,0,26,0,0,130,0,0,19,19,13,41,29,0,26,16,0,122,9,0,0,0,42,0,1,12,36,85,53,88,287,72,252,118,77,154,38,0,2,48,7,8,71,39,53,3,2,243,0,3,139,200,73,2,94,0,0,3,0,0,0,0,14,0,0,7,0,0,0,0,0,0,0,66,0,0,0,0,0,0,0,0,0,0,3,462,8,5,51,22,5,6,151,1,231,36,0,636,0,1,0,0,0,0
Gymnochlora stellata,0,0,0,0,0,0,4,0,7,0,0,0,0,0,0,0,0,0,0,0,0,0,0,0,0,0,0,0,3,0,0,0,0,0,0,0,0,0,0,0,0,0,0,0,0,1,0,0,0,0,0,0,0,0,0,0,0,0,0,0,0,0,0,0,0,0,0,0,0,0,0,0,0,0,0,0,0,0,0,0,0,0,0,0,0,0,0,0,0,0,0,0,0,0,0,0,0,0,0,0,0,0,0,0,0,0,0,2,0,0,0,0,0,0,0,0,0,0,0,0,0,0,0,0,0,0,0,0,0,0,7,0,0,0,0,0,0,0,1,4,0,0,0,0,0,0,0,0,0,0,1,0,0,0,0,0,0,0,0,0,0,0,0,0,0,0,0,0,0,0,0,0,3,0,0,0,5,0,0,0,0,0,0,0,0,0,0,0,0,0,0,0,0,0,0,0,0,0,0,0,0,5,0,0,0,0,0,0,0,0,0,0,0,0,0
Gracilaria sp.,0,0,0,0,0,0,0,0,0,0,0,0,0,0,0,0,0,0,0,0,0,0,0,0,0,0,0,0,0,0,0,0,0,0,0,0,0,0,0,0,0,0,0,0,0,0,0,0,0,0,0,0,0,0,0,0,0,0,0,0,0,0,0,0,0,0,0,0,0,0,0,0,0,0,0,0,0,0,0,0,0,0,0,0,0,0,0,0,0,0,0,0,0,0,0,0,0,0,0,0,0,0,0,0,0,0,0,0,0,0,0,0,0,0,0,0,0,0,0,0,0,0,0,0,0,0,0,0,0,0,0,0,0,0,0,0,0,0,0,0,0,0,0,0,0,0,0,0,0,0,0,0,0,0,0,0,0,0,0,0,0,0,0,0,0,0,0,0,0,0,0,0,0,0,0,0,0,0,0,0,0,0,0,0,0,0,0,0,0,0,0,0,0,0,0,0,0,2,0,0,0,0,0,0,0,0,0,0,0,0,0,0,0,0,0
Ceramium dumosertum,0,0,0,0,0,0,0,0,0,0,57,0,0,0,0,0,0,0,0,0,0,81,19,0,3,0,0,6,0,0,0,0,0,0,0,0,0,0,0,0,0,0,0,0,0,0,0,0,0,0,0,0,0,0,0,0,0,0,0,0,0,0,0,0,0,0,0,0,0,0,0,0,0,0,0,0,0,0,0,0,0,0,34,0,0,0,0,0,0,12,0,0,0,0,0,0,0,0,0,0,0,0,0,0,0,0,0,0,0,0,0,0,0,0,0,0,6,0,0,0,0,0,4,12,0,0,0,0,0,2,0,0,0,0,0,0,0,0,0,0,0,0,0,0,0,0,0,0,28,0,0,0,0,0,0,0,0,0,0,1,0,0,8,0,0,0,222,0,0,0,0,0,0,0,0,0,0,0,0,0,0,0,0,0,0,0,0,62,0,20,0,25,0,0,0,0,0,0,0,0,0,0,0,0,0,0,0,0,0,0,0,44,82,0,0
Hypnea nidifica,0,0,0,0,0,0,0,0,0,0,0,0,0,0,0,0,0,0,0,0,0,0,0,0,0,0,0,0,0,0,0,0,0,0,0,0,0,0,0,0,0,0,0,0,0,0,0,0,0,0,0,0,0,0,0,0,0,0,0,0,0,0,0,0,0,0,0,0,0,0,0,0,0,0,0,0,0,0,0,0,0,0,0,0,0,0,0,0,0,0,0,0,0,0,0,0,0,0,0,0,0,0,0,0,0,0,0,0,0,0,0,0,0,0,0,0,0,0,0,0,0,0,0,0,0,0,0,0,0,0,0,0,0,0,0,0,0,0,0,0,0,0,0,0,0,0,0,0,0,0,0,4,0,0,95,0,0,5,0,0,0,0,0,0,4,0,0,0,0,0,0,0,0,0,0,0,0,0,0,0,0,0,1,33,0,0,0,0,0,0,0,0,0,0,0,0,0,0,0,0,0,0,0,0,0,0,0,0,0,0,0,0,0,0,0
Dictyotaceae,27,471,315,0,369,64,0,678,1043,3847,569,712,1508,3396,139,24,5,387,464,889,2876,3,23,267,34,1311,51,50,429,209,820,0,500,147,450,955,452,433,181,736,240,969,1122,1332,884,1094,485,1919,633,35,1201,282,1373,55,148,199,589,6091,2251,2930,2494,1827,3732,494,1181,985,657,3921,1055,4452,2404,1283,1771,123,4630,3319,1137,4613,1293,34,1919,42,246,4692,1859,7164,2811,5407,10,5134,2139,3347,1994,1023,98,381,48,2,311,1287,231,996,297,1300,800,1518,436,203,456,429,722,248,11,0,34,4,701,49,1037,722,252,8,246,628,362,443,146,58,116,423,61,14,1342,82,112,64,2982,57,8,20,24,3,44,8,43,23,49,0,28,0,843,21,397,157,77,514,3,3,264,469,544,288,113,498,325,277,136,48,14,22,0,25,7,28,33,111,50,138,147,0,0,1330,42,46,180,2,151,5,8243,6055,7358,3093,4870,4081,6675,470,86,109,93,33,424,123,263,0,476,197,731,182,89,269,1233,80,8,121,52
Amphiroa sp. ,0,0,0,0,0,0,0,0,0,0,0,0,0,0,16,0,0,0,0,0,0,0,0,0,0,0,0,0,0,0,0,0,0,0,0,0,0,0,0,0,0,0,0,0,0,0,0,0,0,0,0,0,0,0,0,0,0,0,0,0,0,0,0,0,0,0,0,0,0,0,0,0,0,0,0,0,0,0,0,0,0,0,0,0,0,0,0,0,0,0,0,0,0,0,0,0,0,0,0,0,0,0,0,0,0,0,0,0,0,0,0,0,0,0,0,0,0,0,0,0,0,0,0,0,0,0,0,0,0,0,0,0,0,4,0,0,0,0,0,0,0,0,0,0,0,0,0,0,0,0,0,0,0,0,0,0,0,0,0,0,0,0,0,0,0,0,0,0,0,0,0,0,0,0,0,0,0,0,0,0,0,0,0,0,0,0,0,0,0,0,0,0,0,0,0,0,0,0,0,0,0,0,0,0,0,0,0,0,0,0,0,0,0,0,0
Rhodolachne decussata,0,17,0,0,0,0,0,0,0,0,0,0,324,449,0,325,57,0,0,0,0,77,52,0,0,15,9,0,0,0,0,0,1,0,0,0,0,0,32,0,0,0,0,0,908,4,118,225,42,0,0,0,0,0,0,17,0,0,0,0,0,0,0,0,0,0,0,0,0,0,0,0,0,0,0,0,0,0,3,0,0,0,0,0,0,0,108,256,67,0,0,0,0,0,0,0,0,0,0,0,0,0,0,0,0,0,0,0,0,0,7,0,35,0,0,0,0,0,0,0,0,0,47,0,0,0,0,0,0,0,4,1,0,0,0,0,0,0,0,0,0,1,0,0,48,0,0,0,0,0,0,0,0,0,0,0,0,0,0,0,0,0,3,0,0,0,0,0,0,0,0,0,0,0,0,0,0,0,0,8,4,267,5,1,0,16,0,0,0,0,0,0,0,0,0,0,0,0,0,0,0,4,8,0,12,16,0,0,17,1,15,0,0,0,0
Asteronema breviarticulatum,57,10,3353,0,0,0,0,0,0,0,0,0,2,0,0,0,0,0,10,0,0,0,0,0,0,0,0,0,1,3,0,13,0,0,5,15,0,11,87,0,0,4,0,0,0,0,0,0,0,0,0,0,0,2,34,0,0,0,0,0,0,0,0,0,0,0,0,0,0,0,0,0,0,0,0,0,0,0,0,0,0,0,0,0,0,0,0,0,0,0,0,0,0,0,0,0,0,0,0,0,0,0,0,0,0,0,0,0,0,0,0,0,0,0,0,0,0,0,0,0,0,0,0,0,0,0,0,0,0,0,4,0,0,0,0,0,0,0,0,0,0,0,0,0,0,0,0,0,0,0,0,0,0,0,0,0,0,0,0,0,0,0,0,0,0,0,0,0,0,0,0,0,0,0,0,0,0,0,0,104,0,0,0,0,0,0,0,0,0,0,0,0,0,0,0,1,50,2,0,0,0,0,0,0,12,2,3,0,0,0,191,0,0,0,0
Oscillatoriophycideae,0,5,6,2436,0,136,154,72,110,306,93,18,88,170,4,10,191,27,56,38,366,9,11,103,19,11,24,37,22,21,124,7,3,17,16,3,1,132,22,70,46,24,51,6,0,28,0,0,0,0,0,66,19,0,10,0,3,26,31,160,24,110,16,7,13,7,15,68,29,78,23,16,7,23,64,0,0,2,10,20,13,43,8,17,109,41,0,0,1,184,103,342,147,13,16,11,5,0,41,46,0,31,45,46,20,13,11,11,11,17,11,5,19,0,9,3,95,0,40,8,9,42,3,13,39,39,4,0,12,0,11,9,20,11,5,4,17,73,1,16,4,17,26,14,4,4,2,0,18,0,4,0,3,0,3,6,0,0,0,0,12,6,0,1,0,1,0,31,1,1,0,9,6,11,6,14,21,37,8,0,0,0,6,0,28,24,0,18,4,35,19,0,0,0,0,9,1,5,15,6,6,16,9,6,42,38,14,4,13,0,29,16,11,5,0
Botryocladia skottsbergii,0,0,0,0,0,0,0,0,0,0,0,0,0,0,0,0,0,0,0,0,0,0,0,0,0,0,0,0,0,0,0,0,0,0,0,0,0,0,0,0,0,0,0,0,0,0,0,0,0,0,0,0,0,0,0,0,0,0,0,0,0,0,0,0,0,0,0,0,0,0,0,0,0,0,0,0,0,0,0,0,0,0,0,0,0,0,5,0,0,0,0,0,0,0,0,0,0,0,0,0,0,0,7,0,0,0,0,0,0,0,0,0,0,0,0,0,0,0,0,0,0,0,0,0,0,0,0,0,0,0,0,0,0,0,0,0,0,0,0,0,0,0,0,0,0,0,0,0,0,0,0,0,0,0,0,0,0,0,0,0,0,0,0,0,0,0,0,0,0,0,0,0,0,0,0,0,0,0,0,0,0,0,0,0,0,0,0,0,0,0,0,0,0,0,0,0,0,0,0,0,0,0,0,0,0,0,0,0,0,0,0,28,0,0,0
Monosporus indicus,0,37,4,0,37,0,3,12,15,0,12,399,146,505,0,0,22,1394,147,4,48,0,627,16,47,618,552,147,74,82,203,2005,17,415,27,124,51,74,246,17,2,226,113,80,150,71,66,15,0,0,0,103,70,0,808,100,580,83,26,14,15,578,0,1978,1195,281,879,292,407,59,608,3185,81,0,82,246,0,73,1434,0,117,0,33,214,1463,314,8,258,11,3,10,44,29,0,571,205,1258,1537,187,130,314,115,22,150,312,247,157,352,26,86,141,102,64,2,38,74,82,46,500,168,164,22,97,615,81,70,37,0,2256,73,51,7,107,14,103,102,198,12,20,77,23,52,23,150,26,27,80,340,178,66,5,42,8,7,210,19,11,0,0,2,3,14,0,2,1,6,78,17,0,48,0,16,29,34,124,9,4,6,23,0,0,331,0,0,12,0,0,0,0,21,0,0,0,0,204,145,18,291,35,192,12,0,72,131,62,87,20,14,176,89,31,0,2,0,13
Ahnfeltiopsis flabelliformis,0,0,0,0,0,0,0,0,0,0,0,0,0,0,0,0,0,0,0,0,0,0,0,0,0,0,0,0,0,0,0,0,0,0,0,0,0,0,0,0,0,0,0,0,0,0,0,0,0,0,0,0,0,0,0,0,0,0,0,0,0,0,0,0,0,0,0,0,0,0,0,0,0,0,0,0,0,0,0,0,0,0,0,0,0,0,0,1,0,0,0,0,0,0,0,0,0,0,0,0,0,0,0,0,0,0,0,0,0,0,0,0,0,0,0,0,0,0,0,0,0,0,0,0,0,0,0,0,0,0,0,0,0,0,0,0,0,0,0,0,0,0,0,0,0,0,0,0,0,0,0,0,0,0,0,0,0,0,0,0,0,0,0,0,0,0,0,0,0,0,0,0,0,0,0,0,0,0,0,0,0,0,0,0,0,0,0,0,0,0,0,0,0,0,0,0,0,0,0,0,0,0,0,0,0,0,0,8,0,0,106,0,0,0,0
Gelidium pusillum,0,0,0,0,0,0,0,0,0,0,0,0,0,0,0,0,0,0,0,0,0,0,0,0,0,0,0,0,0,0,0,0,0,0,0,0,0,0,0,0,0,0,0,0,0,0,0,0,0,0,0,0,0,0,36,0,0,0,0,0,0,0,0,0,0,0,0,0,0,0,0,0,0,0,0,0,0,0,0,0,0,0,0,0,0,31,0,0,0,0,0,0,0,0,0,0,0,0,0,0,0,0,0,0,0,0,0,0,0,0,0,0,0,0,0,0,0,0,0,0,0,0,0,0,0,0,0,0,0,0,0,0,0,0,0,0,0,0,0,0,0,0,0,0,0,0,0,0,0,0,0,0,0,0,0,0,0,0,0,0,0,0,0,0,0,0,0,0,0,0,0,0,0,0,0,0,0,0,0,0,0,0,0,0,0,0,0,0,0,0,0,0,0,0,0,0,0,0,0,0,0,0,0,0,0,0,0,0,0,0,0,0,0,0,0
Dasyaceae,0,0,0,0,22,0,0,47,0,0,0,0,0,0,0,0,0,0,0,0,0,467,0,0,14,0,0,1,408,0,0,4,0,0,0,0,0,2,2,0,0,0,0,0,0,16,0,0,0,0,0,0,0,38,0,102,90,0,0,0,0,0,0,40,0,0,0,0,0,0,0,0,0,0,0,0,0,0,4,0,0,0,0,0,0,0,0,0,0,0,0,0,0,0,0,0,0,0,17,24,86,3,0,38,60,0,118,123,2,28,15,17,0,0,0,0,0,0,0,0,0,0,5,0,0,0,0,0,0,0,0,7,13,2,0,0,0,0,0,0,0,0,0,0,0,0,0,0,0,29,0,7,0,0,76,0,661,0,22,0,0,0,0,0,0,0,20,0,0,0,0,0,0,0,6,0,0,8,0,0,0,0,0,0,0,0,0,0,0,0,0,0,0,17,0,0,1,0,0,0,0,0,0,0,0,0,0,0,0,0,0,0,48,0,0
Tetraselmis sp.,0,0,2,0,2,0,6,0,0,0,2,0,0,0,0,0,0,0,0,0,0,0,0,0,0,0,0,0,0,0,0,0,0,0,0,0,0,0,0,0,0,0,0,0,0,2,0,0,0,0,0,0,0,0,1,1,0,0,0,0,0,0,3,3,2,0,3,0,0,0,0,0,0,0,1,0,1,0,14,6,0,0,2,0,0,3,1,0,0,1,1,0,3,2,0,0,0,0,0,0,0,0,0,0,0,0,0,0,0,0,0,0,0,0,3,5,0,0,0,0,0,0,0,0,0,0,0,0,0,0,10,0,0,0,3,3,0,0,0,0,0,0,0,0,0,0,0,0,0,0,0,0,0,0,0,0,0,0,0,0,0,0,0,0,0,0,0,0,0,0,0,0,0,0,0,0,0,0,0,0,0,0,0,0,4,19,119,32,0,0,0,0,0,0,0,0,0,0,0,0,0,0,0,0,0,0,0,0,0,0,2,0,8,0,0
Peyssonneliaceae,23,0,127,0,46,0,16,15,0,0,0,0,80,44,0,29,0,0,0,3,0,4,0,0,0,194,1,6,0,4,0,0,0,41,0,6,0,35,0,1,0,7,0,7,13,9,3,16,17,45,0,0,0,0,0,1,0,0,0,0,9,20,0,0,0,89,0,2,0,0,2,0,73,0,1,5,0,1,0,0,0,0,0,0,0,0,21,28,0,0,0,0,0,3,0,0,0,0,0,9,0,0,0,0,2,4,0,0,0,0,0,0,0,0,2,0,0,0,0,1,4,3,0,8,0,0,0,0,2,5,8,0,5,1,2,4,1,0,0,0,0,0,0,0,0,0,0,0,0,0,0,0,0,0,0,0,0,0,2,0,2,0,3,0,1,0,0,0,0,0,0,0,0,0,0,0,5,0,0,3,0,0,0,0,0,92,23,0,0,0,0,0,0,0,0,0,1,2,1,6,2,0,0,0,0,0,0,0,16,0,9,0,0,0,0
Gigartinaceae,0,0,0,0,0,0,0,0,0,0,0,0,0,0,0,0,0,0,0,0,0,0,0,0,0,0,0,0,0,0,0,0,0,0,0,0,0,0,0,0,0,0,0,0,0,0,0,0,0,0,0,0,0,0,0,0,0,0,0,0,0,0,0,0,0,0,0,0,0,0,0,0,0,0,0,0,0,0,0,0,0,0,0,0,0,0,0,0,0,0,0,0,0,0,0,0,0,0,0,0,0,0,0,0,0,0,0,0,0,0,0,0,0,0,0,0,0,0,0,0,0,0,0,0,0,0,0,0,0,0,0,0,0,0,0,0,0,0,0,0,0,0,0,0,0,0,0,0,0,0,0,0,0,0,0,0,0,0,0,0,0,0,0,0,0,0,0,0,0,0,0,0,0,0,0,0,0,0,0,0,0,68,0,0,0,0,0,0,0,0,0,0,0,0,0,0,0,0,0,0,0,0,0,0,0,0,0,0,0,0,0,0,0,0,0
Heterosiphonia crispella,0,149,0,0,3,0,0,0,0,0,0,0,0,0,0,0,0,45,19,84,0,0,70,0,0,3,0,0,69,4,0,0,0,102,3,44,13,23,54,0,0,0,0,0,0,0,0,0,0,0,0,0,0,0,0,0,0,0,0,0,0,0,0,6,116,0,0,8,0,0,0,0,0,0,0,0,0,0,0,0,0,0,0,0,0,0,0,0,0,0,0,0,0,0,0,67,0,0,8,0,0,14,5,0,45,0,1,0,1,0,0,3,0,0,0,0,0,0,0,0,0,0,16,0,8,0,0,0,0,0,0,0,0,0,0,0,7,0,0,0,0,0,0,0,0,0,0,0,0,0,0,0,0,1,0,0,0,0,0,0,1,0,13,0,0,0,0,0,2,0,0,0,0,4,0,0,0,0,0,0,0,0,0,0,0,0,0,0,0,0,0,0,0,0,0,15,6,6,198,189,24,16,0,5,19,1059,3,275,524,0,128,0,0,0,0
Liagora sp.,0,0,0,0,15,0,0,0,7,0,8,0,0,0,2,0,21,0,0,3,0,0,1,0,2,0,0,0,0,0,0,12,2,1,2,0,0,0,0,3,5,0,0,0,0,0,0,0,0,0,0,0,0,0,3,0,4,2,0,1,0,0,0,4,0,0,0,4,0,2,0,1,0,0,0,0,1,1,0,0,0,0,6,5,0,0,0,0,0,5,4,25,12,0,5,0,0,7,0,0,0,0,0,0,0,0,0,1,0,0,6,1,0,0,0,0,2,0,3,0,1,0,0,5,2,0,2,0,0,1,1,0,0,0,1,0,0,0,0,0,0,0,0,0,0,0,0,0,0,0,0,0,0,0,2,2,0,0,0,0,0,0,0,0,0,0,0,2,0,0,0,0,0,0,0,1,0,4,0,0,0,0,0,0,0,0,9,0,0,0,0,0,0,0,0,5,0,2,0,3,0,0,3,0,0,3,0,0,0,6,0,0,0,10,0
Colpomenia sinuosa,0,0,0,0,19,3,0,0,12,8,22,0,0,0,15,12,0,0,0,5,9,8,0,8,15,8,0,9,0,8,7,14,12,2,0,10,10,0,10,0,6,10,17,10,10,2,0,0,0,0,1,0,0,0,10,0,21,0,0,58,19,6,1,5,0,2,0,9,3,0,5,0,9,0,0,2,7,0,11,0,0,3,0,0,0,0,4,0,0,28,16,30,14,0,1,0,0,0,4,0,0,2,9,0,0,0,3,0,2,5,7,4,6,0,0,0,0,0,21,0,0,0,0,7,0,0,0,0,0,1,0,0,0,3,3,4,5,3,0,0,0,27,0,7,0,0,0,4,12,18,0,0,0,12,0,4,0,0,4,13,19,0,6,4,3,2,0,0,0,0,0,0,0,0,0,0,0,2,0,1,7,0,0,0,0,0,0,0,0,0,0,39,0,0,0,0,0,0,0,0,0,0,12,0,8,6,0,0,0,10,0,0,0,8,0
Cyanobacteria,96,39,37,68,83,199,363,118,203,133,172,9,106,19,166,106,149,146,106,81,165,133,65,136,77,91,54,45,54,49,85,160,29,80,62,40,25,150,94,93,77,50,47,131,113,50,49,19,50,87,17,32,83,54,74,39,54,69,30,59,73,56,70,192,77,51,119,184,124,64,45,42,111,689,43,0,107,29,27,25,47,67,4,27,79,31,19,16,43,248,428,327,338,1263,31,53,112,24,48,28,22,31,107,35,15,30,30,59,16,35,31,72,70,58,107,42,82,4,19,6,10,6,0,71,20,0,4,302,5,0,92,1,26,22,17,35,43,31,15,60,86,24,28,32,21,5,4,5,11,1,56,20,53,76,31,46,22,18,48,20,45,70,40,35,137,13,23,23,33,18,9,18,20,28,14,4,29,18,45,21,11,0,5,8,1013,355,686,1538,77,90,34,72,68,187,129,25,35,29,24,26,31,26,14,46,35,58,10,94,42,17,17,28,42,55,25
Rhodymeniophycidae,117,982,565,1,2035,600,94,284,606,38,313,2097,533,733,659,1354,685,1447,596,391,301,3011,1854,1093,1621,2459,3072,2234,315,1504,560,342,1825,777,1121,623,597,556,1397,685,513,765,645,1896,1506,4622,3650,3277,1670,1080,415,3051,752,3047,1023,4207,3395,145,1666,1839,834,2152,253,1306,1253,2089,953,437,987,546,1480,871,1378,1,874,2245,1084,1023,3224,1027,502,895,1022,370,867,222,512,506,6955,43,80,197,304,598,2123,2036,1610,2306,1235,751,1321,1275,935,831,1257,1366,934,947,1256,1201,1629,1580,1883,3721,1644,2823,764,2858,337,469,1455,558,850,79,3543,1831,1075,144,1076,1099,2055,4551,2907,2944,2355,3615,814,548,2196,1173,1652,689,1596,1854,931,870,1229,2603,664,523,1380,1001,2191,2248,1151,2703,805,1219,1259,1570,1454,1717,1766,1916,2327,2805,1421,1665,2767,6089,4611,3059,6382,4562,7372,2456,1537,2138,3300,100,3742,2886,82,613,321,93,413,259,542,55,75,219,297,399,555,1350,629,773,1392,1942,2119,2393,3140,884,2978,1859,783,913,1395,1946,613,1064,972,1657,2498
Dasya kristeniae,0,0,0,0,0,0,0,0,0,0,0,0,0,0,0,0,0,0,2,0,0,0,130,0,0,5,5,72,0,0,0,0,0,4,0,0,0,0,10,0,0,0,0,12,0,0,0,0,0,0,0,0,0,0,0,0,0,0,0,0,0,8,0,4,19,6,0,0,0,0,0,0,0,0,0,0,0,0,0,0,0,0,0,0,0,0,0,0,0,0,0,0,0,0,0,8,0,0,0,0,0,0,0,0,0,0,0,0,0,0,0,0,0,0,0,0,0,0,0,0,0,0,30,0,0,7,13,0,0,1,0,0,0,0,0,0,2,0,0,0,0,0,0,0,0,1,0,26,0,0,68,32,8,1,79,0,0,1,3,1,105,9,2,5,19,36,0,0,5,0,1,0,0,0,9,0,2,2,0,0,0,54,0,0,0,0,0,0,0,16,0,0,0,0,0,0,0,0,0,0,0,0,0,0,0,0,0,0,0,0,0,0,22,0,0
Prochlorococcus sp.,0,0,0,0,0,0,0,0,0,0,0,0,0,0,0,0,0,0,0,0,0,0,0,0,0,0,0,0,0,0,0,0,0,0,0,0,0,0,0,0,0,0,0,0,0,0,0,0,0,0,0,0,0,0,0,0,0,0,0,0,0,0,0,0,0,0,0,0,0,0,0,0,0,0,0,0,0,0,0,0,0,0,0,0,0,0,0,0,0,0,0,0,0,0,0,0,0,0,0,0,0,0,0,0,0,0,0,0,0,0,0,0,0,0,0,0,0,0,0,0,0,0,0,0,0,0,0,0,0,0,0,0,0,0,0,0,0,0,0,0,0,0,0,0,0,0,0,0,0,0,0,0,0,0,0,0,0,0,0,0,0,0,0,0,0,0,2,0,0,0,0,0,0,0,0,0,0,0,0,0,0,0,0,0,0,0,0,0,0,0,0,0,0,0,0,0,0,0,0,0,0,0,0,0,0,7,0,0,0,0,0,7,4,0,0
Griffithsia schousboei,0,0,6,0,0,0,0,32,0,0,0,0,3,39,72,646,3,24,85,272,12,176,61,18,320,5,0,0,0,1,22,0,124,0,8,65,16,1,5,8,0,7,0,21,0,59,216,106,243,180,0,54,28,24,10,0,0,35,111,46,137,43,693,0,61,181,0,42,6,3,21,28,77,0,74,49,98,211,18,0,0,0,0,8,11,0,8,0,0,0,0,0,0,0,0,198,0,0,0,99,11,0,0,148,0,0,21,0,3,0,0,0,0,0,9,0,13,0,0,36,39,1,985,27,0,7,89,0,0,92,4,0,27,1,0,0,380,0,0,0,59,21,0,0,0,5,0,0,0,0,49,0,0,25,0,0,0,0,10,68,0,39,42,51,0,12,0,0,0,0,0,4,2,3,0,0,1,1,0,0,0,0,0,0,0,0,210,0,0,0,0,0,0,0,0,0,164,0,0,0,12,0,0,0,0,0,0,0,0,31,0,0,0,0,0
Corallinales,461,187,273,85,463,199,1383,598,356,586,1122,477,1322,56,1620,113,1787,205,51,253,325,340,316,274,239,117,81,204,89,254,234,344,138,128,115,346,272,88,73,1492,1288,180,216,32,27,52,62,26,74,125,65,18,96,55,27,10,180,455,74,344,229,152,399,115,156,120,89,499,173,459,54,198,57,649,821,37,82,130,54,43,136,291,37,218,154,256,344,67,17,415,713,1094,350,2,365,262,346,275,507,313,186,569,550,247,243,264,278,326,519,461,255,329,274,419,376,65,284,216,227,184,230,146,73,1481,69,209,137,0,84,71,690,77,201,208,439,161,224,840,286,531,394,90,868,416,226,296,313,161,179,370,707,34,159,611,368,462,43,35,474,974,490,474,1285,617,86,286,124,298,74,76,85,197,195,58,63,53,256,155,163,43,82,196,12,4,208,2,18,35,38,183,257,369,107,1588,29,192,426,200,172,127,399,392,387,137,227,151,679,179,178,399,82,214,299,2673,1786
Griffithsia subcylindrica,0,0,0,0,0,0,0,0,0,0,0,0,0,0,0,50,0,0,0,0,9,8,0,0,46,0,0,0,0,0,0,0,0,0,0,47,0,0,0,0,0,0,0,0,0,0,30,33,29,0,0,0,0,2,0,0,0,0,0,0,0,0,2,0,0,0,0,0,0,0,0,0,127,0,0,0,1,0,0,0,0,0,0,0,0,0,0,0,0,0,0,0,0,0,0,0,0,0,0,2,0,0,0,0,0,0,0,0,0,0,0,0,0,0,0,0,0,0,0,5,17,0,24,59,0,0,0,0,0,1,0,0,0,0,0,0,5,0,0,0,0,0,0,0,0,0,0,0,0,0,0,0,0,0,0,0,0,0,0,7,0,15,18,0,0,0,0,0,0,0,0,0,0,0,0,0,0,0,0,0,0,0,0,0,0,0,0,0,0,0,0,0,0,0,0,0,0,0,0,0,1,0,0,0,0,0,0,7,0,0,0,0,0,0,0
Champiaceae,0,128,522,0,151,0,0,36,119,32,0,20,5,0,89,216,0,26,15,0,27,0,0,0,0,74,71,25,48,4,0,0,51,28,8,113,134,23,94,0,0,57,38,112,201,57,222,99,0,128,0,89,0,15,39,18,32,6,121,44,32,85,1,173,88,115,4,22,2,0,12,155,0,0,4,178,3,1,21,8,57,119,123,80,0,8,98,24,100,0,16,0,9,13,36,104,2,44,56,26,75,107,27,116,66,29,160,48,169,43,81,29,0,0,66,2,4,0,18,29,21,429,249,92,98,56,156,0,5,243,94,26,29,15,68,42,19,11,2,13,5,51,13,6,25,8,29,3,0,46,3,0,36,6,114,26,0,0,32,58,111,21,17,54,52,14,4,133,40,17,3,51,35,54,1,60,190,35,38,0,0,112,11,9,0,0,0,0,17,0,0,47,0,27,0,287,153,0,96,206,317,43,313,0,351,339,14,60,221,23,298,44,12,50,30
Chlorodendraceae,0,0,0,0,0,0,0,0,0,0,0,0,0,0,0,0,0,0,0,0,0,0,0,0,0,0,0,0,0,0,0,0,0,0,0,0,0,0,0,0,0,0,0,0,0,0,0,0,0,0,0,0,0,1,0,0,0,0,0,0,0,0,0,0,0,0,0,0,0,0,0,0,0,0,0,0,0,0,0,0,0,0,0,0,0,0,0,0,0,0,0,0,0,0,0,0,0,0,0,0,0,0,0,0,0,0,0,0,0,0,0,0,0,0,0,0,0,0,0,0,0,0,0,0,0,0,0,0,0,0,0,0,0,0,1,0,0,0,0,0,0,0,0,0,0,0,0,0,0,0,0,0,0,0,0,0,0,0,0,0,0,0,0,0,0,0,0,0,0,0,0,0,0,0,0,0,0,0,0,0,0,0,0,0,0,4,0,17,0,0,0,0,0,0,0,0,0,0,0,0,0,0,0,0,0,0,0,0,0,0,0,0,0,0,0
Chlorarachniophyceae,1,0,126,907,95,142,46,61,117,112,56,159,143,118,87,77,293,37,42,71,106,67,109,172,112,47,96,75,48,44,34,108,15,55,12,78,38,118,62,183,33,95,71,124,79,79,13,20,0,12,185,534,797,28,81,7,41,107,33,57,61,11,120,31,45,18,50,285,35,116,46,47,41,201,334,2,35,82,131,214,335,104,147,6,293,257,65,23,8,78,299,219,232,181,51,5,22,4,87,120,22,124,188,74,33,48,59,174,86,72,39,73,85,42,117,42,26,9,8,0,0,0,0,24,38,0,0,114,5,0,194,5,51,14,12,32,97,94,34,78,35,49,64,32,22,33,11,13,3,23,62,10,3,48,8,80,8,3,14,101,42,32,26,30,12,5,41,58,41,7,63,43,28,13,9,25,32,99,14,0,1,0,20,0,149,63,244,135,83,39,162,184,73,185,14,38,28,10,14,4,2,16,21,10,11,9,12,7,4,7,27,220,274,0,19
Prasinoderma coloniale,0,0,0,0,0,0,0,0,0,0,0,0,0,0,0,0,0,0,0,0,0,0,0,0,0,0,0,0,0,0,0,0,0,0,0,0,0,0,0,0,0,0,0,0,0,0,0,0,0,0,0,0,0,0,0,0,0,0,0,0,0,0,0,0,0,0,0,0,0,0,0,0,0,0,0,0,0,0,0,0,0,0,0,0,0,0,0,0,0,0,0,0,0,0,0,0,0,0,0,0,0,0,0,0,0,0,0,0,0,0,0,0,0,0,0,0,0,0,0,0,0,0,0,0,0,0,0,0,0,0,0,0,0,0,0,0,0,0,0,0,0,0,0,0,0,0,0,0,0,0,0,0,0,0,0,0,0,0,0,0,0,0,0,0,0,0,0,0,0,0,0,0,0,0,0,0,0,0,0,0,0,0,0,0,0,24,45,21,0,0,0,0,0,0,0,0,0,0,0,0,0,0,0,0,0,0,0,0,0,0,0,0,0,0,0
Chondria sp. ,0,0,0,0,0,0,108,0,673,123,349,0,0,0,0,0,0,0,0,0,0,0,19,867,361,27,218,211,0,0,0,0,0,0,1,0,0,0,0,0,0,0,0,0,2,0,0,0,0,0,0,0,0,25,9,0,0,0,0,0,0,8,0,0,0,0,0,0,0,0,0,0,1,0,0,0,0,0,0,0,454,96,0,0,0,0,0,13,0,1,15,2,73,54,0,0,0,0,195,132,52,213,248,103,18,34,92,40,54,114,70,45,148,18,42,384,0,0,0,0,0,0,0,0,0,0,0,0,0,31,16,10,39,56,0,0,0,0,0,0,0,2,0,3,20,0,0,578,96,27,107,27,61,106,0,27,0,0,5,188,85,91,28,35,31,0,0,0,0,10,3,0,0,0,0,0,1,0,0,0,0,21,0,3,0,0,0,0,0,0,51,0,0,0,266,0,3,4,0,0,0,0,0,0,0,0,0,0,0,0,0,8,4,8,0
Florideophyceae,66,91,90,172,86,15,271,116,98,86,37,191,92,158,105,169,251,12,36,24,18,75,104,45,216,93,54,93,72,148,134,24,148,145,210,206,237,107,140,27,14,93,124,142,573,142,94,21,62,623,73,18,0,22,278,122,163,173,18,184,91,131,30,163,31,113,52,318,84,96,81,55,181,58,160,35,67,82,63,143,324,350,686,69,25,0,69,19,79,38,90,54,106,1,191,176,88,166,541,301,70,372,506,215,261,134,262,359,324,375,408,258,187,174,223,20,107,61,61,83,725,19,166,108,57,965,217,0,56,403,626,128,126,20,46,48,54,228,113,123,188,157,398,134,82,332,98,287,203,205,101,10,160,82,178,394,6,33,27,51,341,197,216,46,227,6,14,413,96,160,60,290,266,186,49,269,533,325,638,7,255,340,46,495,63,25,0,115,18,34,99,129,108,499,0,366,326,44,918,275,269,340,551,79,461,591,266,76,156,404,127,284,168,1223,822
Spyridia filamentosa,0,0,0,0,0,0,0,426,0,0,0,0,0,0,0,0,0,0,0,0,0,0,0,0,0,0,0,0,0,0,0,0,0,0,0,0,0,0,0,0,0,29,126,0,0,0,0,0,0,0,0,0,0,0,0,0,0,0,0,0,0,0,0,0,0,0,0,0,0,0,0,0,0,0,0,0,0,0,0,0,0,0,0,0,0,0,0,0,0,0,0,0,0,0,0,0,0,12,8,0,28,0,0,0,0,0,0,0,10,0,56,14,0,0,0,1,0,1709,0,0,20,36,0,0,0,0,0,0,0,4,0,0,0,0,0,0,0,0,0,0,0,0,0,0,0,0,0,0,0,0,0,0,0,0,0,0,0,0,0,0,0,0,0,0,0,0,0,0,0,0,0,0,0,0,0,0,0,0,0,0,154,0,1311,147,0,0,0,0,0,0,0,0,0,0,0,0,0,0,0,0,0,0,0,0,0,0,0,0,0,0,0,0,0,0,0
Sargassum echinocarpum,0,0,0,0,0,0,0,0,0,0,0,0,0,0,0,0,0,0,0,0,0,0,0,0,0,0,0,0,0,0,0,0,0,0,0,0,0,0,0,0,0,0,0,0,0,0,0,0,0,0,0,0,0,0,0,0,0,0,0,0,0,0,0,0,0,0,0,0,0,0,0,0,0,0,0,0,0,0,0,0,0,0,0,0,0,0,0,0,0,0,0,0,0,0,0,0,0,0,0,0,0,0,0,0,0,0,0,0,0,1,0,0,0,0,0,0,0,0,0,0,0,0,0,0,0,0,0,0,0,0,0,0,0,0,0,0,0,0,0,0,0,0,0,0,0,0,0,0,0,0,0,0,0,0,0,0,0,0,0,0,0,0,0,0,0,0,0,0,0,0,0,0,0,0,0,0,0,0,0,0,0,0,0,0,0,0,0,0,0,0,0,0,0,0,0,0,0,0,0,0,0,0,0,0,0,0,0,0,0,0,0,0,0,0,0
Laurencia sp. ,0,81,175,3,58,0,322,171,182,104,268,1938,752,30,0,0,121,300,337,233,218,0,0,189,22,6,70,17,29,30,188,0,20,0,38,83,0,8,11,58,63,12,56,178,26,49,0,39,0,2,9,43,55,1,27,81,356,41,131,53,24,1215,0,12,152,76,6,39,197,0,97,159,0,0,2,322,0,64,27,0,1,0,0,212,1003,279,33,65,7,0,54,10,29,2,152,102,221,128,152,152,237,47,57,144,129,216,108,171,69,300,102,86,3,36,155,6,77,114,429,95,152,592,418,62,565,186,1377,4,452,2603,36,32,90,144,92,104,135,106,11,61,50,8,20,40,165,63,59,10,60,114,46,0,168,93,100,186,370,89,129,81,486,80,17,74,54,58,5,96,60,116,20,130,70,14,164,419,194,47,108,0,78,36,223,82,0,0,0,0,2,231,28,59,32,76,0,0,0,317,0,0,2,0,20,94,0,0,78,23,10,83,98,85,46,0,3
Tolypiocladia glomerulata,0,33,0,0,0,0,34,4,0,0,0,0,0,0,0,0,0,0,0,9,0,0,0,29,5,12,31,43,0,0,0,0,2,0,0,0,0,0,0,0,0,0,0,17,6,5,9,0,0,5,0,0,0,10,0,61,63,0,0,5,3,0,18,2,11,0,0,0,0,0,5,0,1,12,10,11,0,2,0,0,0,42,5,0,0,0,0,0,1,0,0,0,0,28,0,8,0,0,98,36,32,157,175,12,50,59,72,152,261,54,13,25,20,6,67,13,0,0,18,0,0,2,8,16,25,5,0,0,0,0,101,106,4,17,81,71,0,3,0,10,10,0,0,0,4,1,0,6,13,0,53,17,61,273,8,53,0,3,97,182,124,46,30,55,40,19,6,50,111,32,103,100,46,12,43,7,47,44,8,0,0,0,0,0,24,0,7,0,0,62,183,1717,0,0,0,23,0,17,29,59,6,0,8,7,18,8,0,140,0,109,29,17,54,5,0
Gayliella sp. ,2,15,154,2,80,2,0,7,4,3,0,506,69,0,48,4,95,9,0,0,41,536,576,140,418,96,101,186,466,38,351,18,235,207,28,0,0,56,111,0,0,4,9,579,201,162,369,191,216,189,0,38,0,2465,60,624,133,0,1,0,101,92,0,7,204,55,0,0,0,0,4,51,3,0,2,1,0,6,289,0,72,874,190,0,0,75,0,0,328,0,7,15,9,0,3,98,2,7,37,63,10,56,51,177,12,82,71,292,86,0,24,0,282,1091,199,1089,73,598,1,8,7,27,88,0,381,306,64,0,285,13,62,794,1054,1121,325,676,44,495,2530,1150,1201,3392,299,1092,1182,1779,1570,75,12,19,641,5080,996,1107,1116,519,4779,4265,1106,1384,963,172,1268,429,3087,657,5,20,168,71,36,83,62,69,16,32,253,39,106,15,368,2025,0,2,0,0,0,6,0,0,0,25,0,0,4,137,18,8,38,4,187,2,238,70,117,3,0,256,0,159,6,0,0,157,0
Gracilariaceae,0,4,0,0,0,0,0,0,0,0,0,0,0,0,0,0,0,0,0,0,0,0,0,0,0,0,0,0,0,0,0,0,0,0,0,0,0,0,0,0,0,0,0,0,0,0,0,0,0,0,0,0,0,0,0,0,3,0,0,0,0,0,0,0,0,0,0,0,0,0,0,0,0,0,0,0,0,0,0,0,0,0,0,0,0,0,16,0,0,0,0,0,0,0,0,0,0,0,0,0,0,0,0,0,0,0,0,0,0,0,0,0,0,0,0,0,0,0,0,0,0,0,0,0,0,0,0,0,0,0,0,0,0,4,0,0,0,0,0,0,0,0,0,0,0,0,0,0,0,0,0,0,0,0,0,0,0,0,0,0,0,0,0,0,0,0,7,0,0,0,0,0,0,2,0,0,0,0,0,0,0,0,0,0,0,0,0,0,0,0,37,0,0,0,0,2,0,0,0,0,0,0,20,1,0,41,0,0,0,0,0,0,0,0,0
Ganonema farinosum,0,0,0,0,0,0,0,0,0,0,0,0,0,0,0,0,0,0,0,0,0,0,0,0,0,0,0,0,0,0,0,0,0,0,0,0,0,0,0,0,0,2,0,0,0,0,0,0,0,0,0,0,0,0,0,0,0,0,0,0,0,0,0,0,0,0,0,0,0,0,0,0,0,0,0,0,0,0,0,0,0,0,0,0,0,0,0,0,0,0,0,0,0,0,0,0,0,0,0,0,0,0,0,0,0,0,0,0,0,0,0,0,0,0,0,0,0,0,0,0,0,0,0,0,0,0,0,0,0,0,0,0,0,0,0,0,0,0,0,0,0,0,0,0,0,0,0,0,0,0,0,0,0,0,0,0,0,0,0,0,0,0,0,0,0,0,0,0,0,0,0,0,0,0,0,0,0,0,0,0,0,0,0,0,0,0,0,0,0,0,0,0,0,0,0,0,0,0,0,1,0,0,0,0,1,0,0,0,0,0,0,0,0,0,0
Antithamnion erucacladellum,0,0,0,0,0,0,0,0,0,0,0,0,0,0,0,0,0,0,0,0,0,0,0,0,0,0,0,0,0,0,0,0,0,0,0,0,0,0,0,0,0,0,0,0,0,0,0,0,0,0,0,0,0,0,0,0,0,0,0,0,0,0,0,0,0,0,0,0,0,0,0,0,0,0,0,0,0,0,0,0,0,0,0,0,0,0,0,0,0,0,0,0,0,0,0,0,0,0,0,0,0,0,0,0,0,0,0,0,0,0,0,0,0,0,0,0,0,0,0,0,0,0,0,0,0,0,0,0,0,0,0,0,0,0,0,0,0,0,0,0,0,0,0,0,0,0,0,0,0,0,0,0,0,0,0,0,0,0,0,0,0,0,0,0,0,0,1401,0,0,0,0,0,0,0,0,0,0,0,0,0,0,0,0,0,0,0,0,0,0,0,0,0,0,0,0,0,0,0,0,0,0,0,0,0,0,0,0,0,0,0,0,0,0,0,0
Champia vieillardii,0,0,0,0,48,0,0,0,0,0,0,0,0,0,0,0,0,47,2,0,64,0,0,0,0,0,0,0,0,0,0,0,0,0,0,0,0,0,0,0,0,10,0,170,0,11,0,0,0,77,0,0,0,0,0,4,0,6,0,70,12,5,3,7,137,5,2,0,19,3,17,0,0,0,0,0,0,2,0,0,33,0,12,240,0,0,0,0,0,0,0,0,0,0,0,0,0,0,0,0,0,0,0,0,0,0,0,0,0,0,0,0,0,0,34,0,0,0,23,2,0,1,3,0,35,0,1,0,0,8,0,0,7,1,55,33,11,0,0,2,0,0,0,0,4,0,0,28,0,0,0,49,0,0,0,0,0,0,0,0,0,0,0,0,0,0,0,0,0,0,0,0,6,0,1,0,0,0,0,0,0,30,0,0,0,0,0,0,0,0,0,0,0,0,0,2,0,0,0,0,0,0,0,0,4,0,0,18,0,0,0,0,0,19,0
Laurencia majuscula,0,0,0,0,0,0,0,0,0,0,0,0,0,0,0,0,0,0,0,0,0,0,0,0,0,0,0,0,0,0,0,0,0,0,0,0,0,0,0,0,0,0,0,0,0,0,0,0,0,0,0,0,0,0,0,0,0,0,0,0,0,0,0,0,0,0,0,0,0,0,0,0,0,0,0,0,0,0,0,0,0,0,0,0,0,0,0,0,0,0,0,0,0,0,0,0,0,0,0,0,0,0,0,0,0,0,0,0,0,0,0,0,0,0,0,0,6,0,0,728,0,0,43,425,0,0,0,0,0,0,0,0,0,0,0,0,0,0,0,0,0,0,0,0,0,0,0,0,0,18,0,8,0,0,2,0,0,0,0,0,0,0,0,0,0,0,0,0,0,0,0,0,0,0,0,0,0,0,0,0,377,0,32,0,0,0,0,0,0,0,0,0,0,0,0,0,0,0,0,0,0,0,0,0,0,0,0,0,0,0,0,0,0,0,0
Prasinococcus sp. ,0,0,0,0,0,0,0,0,0,0,0,0,0,0,0,0,0,0,0,0,0,0,0,0,0,0,0,0,0,0,0,0,0,0,0,0,0,0,0,0,0,0,0,0,0,0,0,0,0,0,0,0,0,0,0,0,0,0,0,0,0,0,0,0,0,0,0,0,0,0,0,0,0,0,0,0,0,0,0,0,0,0,0,0,0,0,0,0,0,0,0,0,0,0,0,0,0,0,0,0,0,0,0,0,0,0,0,0,0,0,0,0,0,0,0,0,0,0,0,0,0,0,0,0,0,0,0,0,0,0,0,0,0,0,0,0,0,3,0,0,0,0,0,0,0,0,0,0,0,0,0,0,0,0,0,0,0,0,0,0,0,0,0,0,0,0,0,0,0,0,0,0,0,0,0,0,0,0,0,0,0,0,0,0,0,0,0,0,0,0,0,0,0,0,0,0,0,0,0,0,0,0,0,0,0,0,0,0,0,0,0,0,0,0,0
Moorea producens,13,0,0,0,0,0,0,0,0,0,0,75,0,9,0,0,0,132,120,155,138,0,6,12,0,10,0,7,0,3,7,0,2,0,1,65,17,1,7,0,10,3,2,0,4,26,4,9,6,0,0,0,0,0,0,0,166,0,23,55,63,7,45,0,1,33,6,8,6,0,87,0,68,0,46,18,92,30,0,0,0,0,0,0,40,0,34,16,0,0,0,0,0,0,2,45,0,0,0,22,0,3,2,4,0,0,0,4,2,0,5,0,0,0,0,0,32,22,0,0,0,0,0,15,5,0,0,0,0,0,0,0,10,0,6,37,76,0,0,0,0,0,0,22,0,0,0,0,0,0,2,0,2,1,0,6,0,0,13,13,3,27,21,21,0,15,0,0,0,0,0,0,0,0,0,0,0,0,0,0,0,0,0,0,0,0,0,0,0,0,0,0,0,0,0,0,11,33,11,0,22,20,18,0,60,0,14,0,12,0,5,14,26,0,15
Rhodymeniales,0,42,0,0,27,17,103,1,0,0,0,0,43,3,0,37,32,42,0,0,8,58,39,10,50,26,8,0,2,24,91,6,225,190,2,26,90,0,12,46,12,30,0,55,33,7,0,201,0,26,5,1,0,1,0,72,24,0,0,44,15,114,0,47,9,20,4,0,15,0,2,12,445,45,0,14,3,5,0,41,0,35,45,21,14,0,68,6,66,0,13,0,0,5,0,22,0,0,22,74,12,3,54,20,0,37,27,116,34,28,67,85,27,2,3,6,6,0,274,4,38,69,14,50,7,2,8,0,0,36,29,0,36,21,45,37,12,0,0,0,7,8,61,13,1,36,20,0,74,14,36,188,7,3,78,24,0,47,17,2,2,9,12,22,0,21,0,13,0,3,0,0,8,2,0,41,4,1,4,2,0,0,0,0,0,5,0,0,0,0,0,0,0,0,0,11,66,17,742,62,37,23,21,11,81,199,21,0,1088,96,379,0,132,21,36